ctime,schemaname,relname,seq_scan,seq_tup_read,idx_scan,idx_tup_fetch,n_tup_ins,n_tup_upd,n_tup_del,n_tup_hot_upd,n_live_tup,n_dead_tup,heap_blks_read,heap_blks_hit,idx_blks_read,idx_blks_hit,toast_blks_read,toast_blks_hit,tidx_blks_read,tidx_blks_hit
1444145485.9986,pg_catalog,pg_attrdef,0,0,0,0,0,0,0,0,0,0,0,0,0,0,0,0,0,0
1444145485.9986,pg_catalog,pg_db_role_setting,0,0,840,0,0,0,0,0,0,0,0,0,1,839,0,0,0,0
1444145485.9986,pg_catalog,pg_tablesample_method,0,0,0,0,0,0,0,0,0,0,0,0,0,0,,,,
1444145485.9986,pg_catalog,pg_description,0,0,4,0,0,0,0,0,0,0,0,0,3,6,0,0,0,0
1444145485.9986,pg_catalog,pg_foreign_data_wrapper,0,0,0,0,0,0,0,0,0,0,0,0,0,0,,,,
1444145485.9986,pg_catalog,pg_conversion,0,0,0,0,0,0,0,0,0,0,0,0,0,0,,,,
1444145485.9986,information_schema,sql_packages,0,0,,,0,0,0,0,0,0,0,0,,,0,0,0,0
1444145485.9986,public,supplier,9,0,42,0,100000,0,0,0,0,0,0,0,3,75,,,,
1444145485.9986,pg_toast,pg_toast_13103,0,0,0,0,0,0,0,0,0,0,0,0,0,0,,,,
1444145485.9986,pg_catalog,pg_class,179,46590,7283,9661,39,1,1,1,38,2,30,9295,17,8565,,,,
1444145485.9986,pg_catalog,pg_opfamily,0,0,0,0,0,0,0,0,0,0,0,0,0,0,,,,
1444145485.9986,pg_catalog,pg_auth_members,0,0,0,0,0,0,0,0,0,0,0,0,0,0,,,,
1444145485.9986,pg_catalog,pg_operator,0,0,671,1898,0,0,0,0,0,0,17,1448,15,1511,,,,
1444145485.9986,pg_catalog,pg_attribute,33,225,4989,10264,190,10,2,3,188,9,66,6015,21,10996,,,,
1444145485.9986,pg_toast,pg_toast_13098,0,0,0,0,0,0,0,0,0,0,0,0,0,0,,,,
1444145485.9986,pg_catalog,pg_tablespace,2,4,95,95,0,0,0,0,0,0,1,96,3,189,,,,
1444145485.9986,pg_catalog,pgxc_group,0,0,0,0,0,0,0,0,0,0,0,0,0,0,,,,
1444145485.9986,pg_toast,pg_toast_3592,0,0,0,0,0,0,0,0,0,0,0,0,0,0,,,,
1444145485.9986,pg_catalog,pg_statistic,0,0,674,503,61,0,0,0,61,0,19,589,7,1568,8,39,2,37
1444145485.9986,pg_catalog,pg_aggregate,0,0,44,44,0,0,0,0,0,0,1,43,2,78,,,,
1444145485.9986,pg_catalog,pg_inherits,0,0,1,0,0,0,0,0,0,0,0,0,1,0,,,,
1444145485.9986,pg_catalog,pg_policy,0,0,0,0,0,0,0,0,0,0,0,0,0,0,,,,
1444145485.9986,public,partsupp,5,0,42,0,8000000,0,0,0,0,0,0,0,2,54,,,,
1444145485.9986,pg_catalog,pg_enum,0,0,0,0,0,0,0,0,0,0,0,0,0,0,,,,
1444145485.9986,pg_catalog,pg_replication_origin,0,0,0,0,0,0,0,0,0,0,0,0,0,0,,,,
1444145485.9986,pg_toast,pg_toast_2396,0,0,0,0,0,0,0,0,0,0,0,0,0,0,,,,
1444145485.9986,pg_catalog,pg_pltemplate,0,0,0,0,0,0,0,0,0,0,0,0,0,0,,,,
1444145485.9986,pg_toast,pg_toast_2618,0,0,74,236,0,0,0,0,0,0,8,108,4,116,,,,
1444145485.9986,pg_toast,pg_toast_3596,0,0,0,0,0,0,0,0,0,0,0,0,0,0,,,,
1444145485.9986,public,lineitem,16,0,57,0,59986052,0,0,0,0,0,0,0,8,225,,,,
1444145485.9986,pg_toast,pg_toast_2606,0,0,0,0,0,0,0,0,0,0,0,0,0,0,,,,
1444145485.9986,information_schema,sql_sizing,0,0,,,0,0,0,0,0,0,0,0,,,0,0,0,0
1444145485.9986,pg_catalog,pg_transform,0,0,0,0,0,0,0,0,0,0,0,0,0,0,,,,
1444145485.9986,pg_toast,pg_toast_2964,0,0,0,0,0,0,0,0,0,0,0,0,0,0,,,,
1444145485.9986,pg_catalog,pg_database,52,202,797,795,1,0,0,0,1,0,4,862,4,1214,,,,
1444145485.9986,pg_toast,pg_toast_2620,0,0,0,0,0,0,0,0,0,0,0,0,0,0,,,,
1444145485.9986,pg_catalog,pg_depend,0,0,375,369,108,0,9,0,99,9,20,573,28,1257,,,,
1444145485.9986,pg_catalog,pg_language,0,0,0,0,0,0,0,0,0,0,0,0,0,0,,,,
1444145485.9986,pg_catalog,pg_amproc,6,12,650,1053,0,0,0,0,0,0,8,663,6,1485,,,,
1444145485.9986,public,customer,12,0,28,0,1500000,0,0,0,0,0,0,0,5,68,,,,
1444145485.9986,public,nation,14,0,42,0,25,0,0,0,0,0,0,0,1,54,,,,
1444145485.9986,pg_catalog,pgxc_node,214,635,945,939,2,1,0,1,2,1,5,1158,6,1338,,,,
1444145485.9986,pg_toast,pg_toast_13088,0,0,0,0,0,0,0,0,0,0,0,0,0,0,,,,
1444145485.9986,pg_catalog,pg_collation,0,0,3,3,0,0,0,0,0,0,2,1,6,3,,,,
1444145485.9986,pg_catalog,pg_range,0,0,2,0,0,0,0,0,0,0,0,0,2,2,,,,
1444145485.9986,pg_toast,pg_toast_2609,0,0,0,0,0,0,0,0,0,0,0,0,0,0,,,,
1444145485.9986,information_schema,sql_languages,0,0,,,0,0,0,0,0,0,0,0,,,0,0,0,0
1444145485.9986,pg_catalog,pg_opclass,6,6,884,10193,0,0,0,0,0,0,6,3784,8,1169,,,,
1444145485.9986,public,orders,10,0,30,0,15000000,0,0,0,0,0,0,0,3,63,,,,
1444145485.9986,pg_catalog,pg_rewrite,0,0,108,105,1,0,1,0,0,1,11,102,6,180,8,108,8,232
1444145485.9986,pg_toast,pg_toast_1255,0,0,0,0,0,0,0,0,0,0,0,0,0,0,,,,
1444145485.9986,pg_catalog,pg_seclabel,0,0,4,0,0,0,0,0,0,0,0,0,1,3,0,0,0,0
1444145485.9986,pg_toast,pg_toast_13093,0,0,0,0,0,0,0,0,0,0,0,0,0,0,,,,
1444145485.9986,pg_catalog,pg_ts_parser,0,0,0,0,0,0,0,0,0,0,0,0,0,0,,,,
1444145485.9986,pg_catalog,pg_trigger,0,0,0,0,0,0,0,0,0,0,0,0,0,0,0,0,0,0
1444145485.9986,information_schema,sql_sizing_profiles,0,0,,,0,0,0,0,0,0,0,0,,,0,0,0,0
1444145485.9986,pg_catalog,pg_event_trigger,0,0,49,0,0,0,0,0,0,0,0,0,1,48,,,,
1444145485.9986,public,part,9,0,26,0,2000000,0,0,0,0,0,0,0,5,61,,,,
1444145485.9986,pg_catalog,pg_foreign_table,0,0,0,0,0,0,0,0,0,0,0,0,0,0,,,,
1444145485.9986,public,region,6,0,8,0,5,0,0,0,0,0,0,0,1,11,,,,
1444145485.9986,pg_catalog,pg_shseclabel,0,0,0,0,0,0,0,0,0,0,0,0,0,0,0,0,0,0
1444145485.9986,pg_catalog,pg_extension,0,0,0,0,0,0,0,0,0,0,0,0,0,0,,,,
1444145485.9986,information_schema,sql_parts,0,0,,,0,0,0,0,0,0,0,0,,,0,0,0,0
1444145485.9986,pg_catalog,pg_ts_config,0,0,0,0,0,0,0,0,0,0,0,0,0,0,,,,
1444145485.9986,information_schema,sql_features,0,0,,,0,0,0,0,0,0,0,0,,,0,0,0,0
1444145485.9986,pg_catalog,pg_shdescription,0,0,0,0,0,0,0,0,0,0,0,0,0,0,0,0,0,0
1444145485.9986,pg_catalog,pg_cast,0,0,3392,1024,0,0,0,0,0,0,4,1020,4,3524,,,,
1444145485.9986,pg_catalog,pg_amop,0,0,1066,1674,0,0,0,0,0,0,9,1665,13,2293,,,,
1444145485.9986,pg_toast,pg_toast_13083,0,0,0,0,0,0,0,0,0,0,0,0,0,0,,,,
1444145485.9986,pg_catalog,pg_user_mapping,0,0,0,0,0,0,0,0,0,0,0,0,0,0,,,,
1444145485.9986,pg_catalog,pg_type,0,0,2498,2345,21,0,2,0,19,2,12,2393,8,3038,,,,
1444145485.9986,public,time_statistics,0,0,,,2,1,0,0,2,1,0,0,,,,,,
1444145485.9986,pg_catalog,pg_largeobject,0,0,0,0,0,0,0,0,0,0,0,0,0,0,,,,
1444145485.9986,information_schema,sql_implementation_info,0,0,,,0,0,0,0,0,0,0,0,,,0,0,0,0
1444145485.9986,pg_catalog,pg_ts_config_map,0,0,0,0,0,0,0,0,0,0,0,0,0,0,,,,
1444145485.9986,pg_catalog,pg_largeobject_metadata,0,0,0,0,0,0,0,0,0,0,0,0,0,0,,,,
1444145485.9986,pg_catalog,pg_am,219,219,0,0,0,0,0,0,0,0,2,217,0,0,,,,
1444145485.9986,pg_catalog,pg_ts_template,0,0,0,0,0,0,0,0,0,0,0,0,0,0,,,,
1444145485.9986,pg_catalog,pg_foreign_server,0,0,0,0,0,0,0,0,0,0,0,0,0,0,,,,
1444145485.9986,pg_catalog,pg_namespace,44,308,757,585,0,0,0,0,0,0,2,627,8,1000,,,,
1444145485.9986,pg_toast,pg_toast_2619,0,0,15,16,13,0,0,0,13,0,8,39,2,37,,,,
1444145485.9986,pg_catalog,pg_authid,16,16,363,363,0,0,0,0,0,0,1,378,4,722,,,,
1444145485.9986,pg_catalog,pgxc_class,0,0,596,194,9,0,0,0,9,0,2,201,4,688,,,,
1444145485.9986,pg_catalog,pg_default_acl,0,0,44,0,0,0,0,0,0,0,0,0,1,43,,,,
1444145485.9986,pg_catalog,pg_shdepend,0,0,17,12,0,0,0,0,0,0,1,11,4,27,,,,
1444145485.9986,pg_catalog,pg_constraint,0,0,8,0,8,0,0,0,8,0,5,28,8,64,0,0,0,0
1444145485.9986,pg_catalog,pg_index,91,10156,1763,2468,28,0,0,0,28,0,12,2118,8,2145,,,,
1444145485.9986,pg_toast,pg_toast_13078,0,0,0,0,0,0,0,0,0,0,0,0,0,0,,,,
1444145485.9986,pg_toast,pg_toast_2604,0,0,0,0,0,0,0,0,0,0,0,0,0,0,,,,
1444145485.9986,pg_catalog,pg_ts_dict,0,0,0,0,0,0,0,0,0,0,0,0,0,0,,,,
1444145485.9986,pg_toast,pg_toast_13108,0,0,0,0,0,0,0,0,0,0,0,0,0,0,,,,
1444145485.9986,pg_catalog,pg_proc,0,0,1452,2155,0,0,0,0,0,0,38,1665,30,3082,0,0,0,0
1444145546.00916,pg_catalog,pg_attrdef,0,0,0,0,0,0,0,0,0,0,0,0,0,0,0,0,0,0
1444145546.00916,pg_catalog,pg_db_role_setting,0,0,936,0,0,0,0,0,0,0,0,0,2,934,0,0,0,0
1444145546.00916,pg_catalog,pg_tablesample_method,0,0,0,0,0,0,0,0,0,0,0,0,0,0,,,,
1444145546.00916,pg_catalog,pg_description,0,0,4,0,0,0,0,0,0,0,0,0,3,6,0,0,0,0
1444145546.00916,pg_catalog,pg_foreign_data_wrapper,0,0,0,0,0,0,0,0,0,0,0,0,0,0,,,,
1444145546.00916,pg_catalog,pg_conversion,0,0,0,0,0,0,0,0,0,0,0,0,0,0,,,,
1444145546.00916,information_schema,sql_packages,0,0,,,0,0,0,0,0,0,0,0,,,0,0,0,0
1444145546.00916,public,supplier,9,0,50,0,100000,0,0,0,0,0,0,0,6,86,,,,
1444145546.00916,pg_toast,pg_toast_13103,0,0,0,0,0,0,0,0,0,0,0,0,0,0,,,,
1444145546.00916,pg_catalog,pg_class,188,49504,7834,10373,39,1,1,1,38,2,31,9935,17,9221,,,,
1444145546.00916,pg_catalog,pg_opfamily,0,0,0,0,0,0,0,0,0,0,0,0,0,0,,,,
1444145546.00916,pg_catalog,pg_auth_members,0,0,0,0,0,0,0,0,0,0,0,0,0,0,,,,
1444145546.00916,pg_catalog,pg_operator,0,0,731,2212,0,0,0,0,0,0,30,1652,17,1647,,,,
1444145546.00916,pg_catalog,pg_attribute,33,225,5320,10890,190,10,2,3,188,9,76,6347,22,11673,,,,
1444145546.00916,pg_toast,pg_toast_13098,0,0,0,0,0,0,0,0,0,0,0,0,0,0,,,,
1444145546.00916,pg_catalog,pg_tablespace,2,4,107,107,0,0,0,0,0,0,2,107,6,212,,,,
1444145546.00916,pg_catalog,pgxc_group,0,0,0,0,0,0,0,0,0,0,0,0,0,0,,,,
1444145546.00916,pg_toast,pg_toast_3592,0,0,0,0,0,0,0,0,0,0,0,0,0,0,,,,
1444145546.00916,pg_catalog,pg_statistic,0,0,736,547,61,0,0,0,61,0,26,626,8,1702,9,40,4,38
1444145546.00916,pg_catalog,pg_aggregate,0,0,47,47,0,0,0,0,0,0,2,45,4,82,,,,
1444145546.00916,pg_catalog,pg_inherits,0,0,1,0,0,0,0,0,0,0,0,0,1,0,,,,
1444145546.00916,pg_catalog,pg_policy,0,0,0,0,0,0,0,0,0,0,0,0,0,0,,,,
1444145546.00916,public,partsupp,5,0,54,0,8000000,0,0,0,0,0,0,0,4,68,,,,
1444145546.00916,pg_catalog,pg_enum,0,0,0,0,0,0,0,0,0,0,0,0,0,0,,,,
1444145546.00916,pg_catalog,pg_replication_origin,0,0,0,0,0,0,0,0,0,0,0,0,0,0,,,,
1444145546.00916,pg_toast,pg_toast_2396,0,0,0,0,0,0,0,0,0,0,0,0,0,0,,,,
1444145546.00916,pg_catalog,pg_pltemplate,0,0,0,0,0,0,0,0,0,0,0,0,0,0,,,,
1444145546.00916,pg_toast,pg_toast_2618,0,0,80,254,0,0,0,0,0,0,12,114,4,126,,,,
1444145546.00916,pg_toast,pg_toast_3596,0,0,0,0,0,0,0,0,0,0,0,0,0,0,,,,
1444145546.00916,public,lineitem,16,0,59,0,60045669,0,0,0,59617,0,0,0,16,227,,,,
1444145546.00916,pg_toast,pg_toast_2606,0,0,0,0,0,0,0,0,0,0,0,0,0,0,,,,
1444145546.00916,information_schema,sql_sizing,0,0,,,0,0,0,0,0,0,0,0,,,0,0,0,0
1444145546.00916,pg_catalog,pg_transform,0,0,0,0,0,0,0,0,0,0,0,0,0,0,,,,
1444145546.00916,pg_toast,pg_toast_2964,0,0,0,0,0,0,0,0,0,0,0,0,0,0,,,,
1444145546.00916,pg_catalog,pg_database,56,212,872,870,1,0,0,0,1,0,5,941,8,1332,,,,
1444145546.00916,pg_toast,pg_toast_2620,0,0,0,0,0,0,0,0,0,0,0,0,0,0,,,,
1444145546.00916,pg_catalog,pg_depend,0,0,377,398,108,0,9,0,99,9,22,574,31,1260,,,,
1444145546.00916,pg_catalog,pg_language,0,0,0,0,0,0,0,0,0,0,0,0,0,0,,,,
1444145546.00916,pg_catalog,pg_amproc,6,12,698,1129,0,0,0,0,0,0,8,710,6,1597,,,,
1444145546.00916,public,customer,12,0,28,0,1500000,0,0,0,0,0,0,0,5,68,,,,
1444145546.00916,public,nation,14,0,50,0,25,0,0,0,0,0,0,0,2,63,,,,
1444145546.00916,pg_catalog,pgxc_node,238,707,1046,1040,2,1,0,1,2,1,6,1282,10,1480,,,,
1444145546.00916,pg_toast,pg_toast_13088,0,0,0,0,0,0,0,0,0,0,0,0,0,0,,,,
1444145546.00916,pg_catalog,pg_collation,0,0,12,12,0,0,0,0,0,0,2,10,6,30,,,,
1444145546.00916,pg_catalog,pg_range,0,0,5,0,0,0,0,0,0,0,0,0,4,6,,,,
1444145546.00916,pg_toast,pg_toast_2609,0,0,0,0,0,0,0,0,0,0,0,0,0,0,,,,
1444145546.00916,information_schema,sql_languages,0,0,,,0,0,0,0,0,0,0,0,,,0,0,0,0
1444145546.00916,pg_catalog,pg_opclass,6,6,936,10655,0,0,0,0,0,0,6,3972,8,1241,,,,
1444145546.00916,public,orders,10,0,30,0,15015000,0,0,0,15000,0,0,0,3,63,,,,
1444145546.00916,pg_catalog,pg_rewrite,0,0,116,113,1,0,1,0,0,1,15,106,6,194,12,114,8,252
1444145546.00916,pg_toast,pg_toast_1255,0,0,0,0,0,0,0,0,0,0,0,0,0,0,,,,
1444145546.00916,pg_catalog,pg_seclabel,0,0,4,0,0,0,0,0,0,0,0,0,1,3,0,0,0,0
1444145546.00916,pg_toast,pg_toast_13093,0,0,0,0,0,0,0,0,0,0,0,0,0,0,,,,
1444145546.00916,pg_catalog,pg_ts_parser,0,0,0,0,0,0,0,0,0,0,0,0,0,0,,,,
1444145546.00916,pg_catalog,pg_trigger,0,0,0,0,0,0,0,0,0,0,0,0,0,0,0,0,0,0
1444145546.00916,information_schema,sql_sizing_profiles,0,0,,,0,0,0,0,0,0,0,0,,,0,0,0,0
1444145546.00916,pg_catalog,pg_event_trigger,0,0,49,0,0,0,0,0,0,0,0,0,1,48,,,,
1444145546.00916,public,part,9,0,32,0,2000000,0,0,0,0,0,0,0,10,72,,,,
1444145546.00916,pg_catalog,pg_foreign_table,0,0,0,0,0,0,0,0,0,0,0,0,0,0,,,,
1444145546.00916,public,region,6,0,12,0,5,0,0,0,0,0,0,0,2,16,,,,
1444145546.00916,pg_catalog,pg_shseclabel,0,0,0,0,0,0,0,0,0,0,0,0,0,0,0,0,0,0
1444145546.00916,pg_catalog,pg_extension,0,0,0,0,0,0,0,0,0,0,0,0,0,0,,,,
1444145546.00916,information_schema,sql_parts,0,0,,,0,0,0,0,0,0,0,0,,,0,0,0,0
1444145546.00916,pg_catalog,pg_ts_config,0,0,0,0,0,0,0,0,0,0,0,0,0,0,,,,
1444145546.00916,information_schema,sql_features,0,0,,,0,0,0,0,0,0,0,0,,,0,0,0,0
1444145546.00916,pg_catalog,pg_shdescription,0,0,0,0,0,0,0,0,0,0,0,0,0,0,0,0,0,0
1444145546.00916,pg_catalog,pg_cast,0,0,3695,1116,0,0,0,0,0,0,4,1112,4,3842,,,,
1444145546.00916,pg_catalog,pg_amop,0,0,1151,1827,0,0,0,0,0,0,10,1817,14,2479,,,,
1444145546.00916,pg_toast,pg_toast_13083,0,0,0,0,0,0,0,0,0,0,0,0,0,0,,,,
1444145546.00916,pg_catalog,pg_user_mapping,0,0,0,0,0,0,0,0,0,0,0,0,0,0,,,,
1444145546.00916,pg_catalog,pg_type,0,0,2806,2649,21,0,2,0,19,2,14,2695,11,3368,,,,
1444145546.00916,public,time_statistics,0,0,,,6,4,0,0,6,4,0,0,,,,,,
1444145546.00916,pg_catalog,pg_largeobject,0,0,0,0,0,0,0,0,0,0,0,0,0,0,,,,
1444145546.00916,information_schema,sql_implementation_info,0,0,,,0,0,0,0,0,0,0,0,,,0,0,0,0
1444145546.00916,pg_catalog,pg_ts_config_map,0,0,0,0,0,0,0,0,0,0,0,0,0,0,,,,
1444145546.00916,pg_catalog,pg_largeobject_metadata,0,0,0,0,0,0,0,0,0,0,0,0,0,0,,,,
1444145546.00916,pg_catalog,pg_am,235,235,0,0,0,0,0,0,0,0,2,233,0,0,,,,
1444145546.00916,pg_catalog,pg_ts_template,0,0,0,0,0,0,0,0,0,0,0,0,0,0,,,,
1444145546.00916,pg_catalog,pg_foreign_server,0,0,0,0,0,0,0,0,0,0,0,0,0,0,,,,
1444145546.00916,pg_catalog,pg_namespace,47,329,825,636,0,0,0,0,0,0,2,681,8,1098,,,,
1444145546.00916,pg_toast,pg_toast_2619,0,0,17,20,13,0,0,0,13,0,9,40,4,38,,,,
1444145546.00916,pg_catalog,pg_authid,19,19,407,407,0,0,0,0,0,0,2,424,8,806,,,,
1444145546.00916,pg_catalog,pgxc_class,0,0,649,210,9,0,0,0,9,0,2,217,4,752,,,,
1444145546.00916,pg_catalog,pg_default_acl,0,0,44,0,0,0,0,0,0,0,0,0,1,43,,,,
1444145546.00916,pg_catalog,pg_shdepend,0,0,17,12,0,0,0,0,0,0,1,11,4,27,,,,
1444145546.00916,pg_catalog,pg_constraint,0,0,8,0,8,0,0,0,8,0,5,28,8,64,0,0,0,0
1444145546.00916,pg_catalog,pg_index,96,10936,1867,2614,28,0,0,0,28,0,12,2242,8,2274,,,,
1444145546.00916,pg_toast,pg_toast_13078,0,0,0,0,0,0,0,0,0,0,0,0,0,0,,,,
1444145546.00916,pg_toast,pg_toast_2604,0,0,0,0,0,0,0,0,0,0,0,0,0,0,,,,
1444145546.00916,pg_catalog,pg_ts_dict,0,0,0,0,0,0,0,0,0,0,0,0,0,0,,,,
1444145546.00916,pg_toast,pg_toast_13108,0,0,0,0,0,0,0,0,0,0,0,0,0,0,,,,
1444145546.00916,pg_catalog,pg_proc,0,0,1592,2364,0,0,0,0,0,0,58,1809,37,3388,0,0,0,0
1444145606.02192,pg_catalog,pg_attrdef,0,0,0,0,0,0,0,0,0,0,0,0,0,0,0,0,0,0
1444145606.02192,pg_catalog,pg_db_role_setting,0,0,988,0,0,0,0,0,0,0,0,0,2,986,0,0,0,0
1444145606.02192,pg_catalog,pg_tablesample_method,0,0,0,0,0,0,0,0,0,0,0,0,0,0,,,,
1444145606.02192,pg_catalog,pg_description,0,0,4,0,0,0,0,0,0,0,0,0,3,6,0,0,0,0
1444145606.02192,pg_catalog,pg_foreign_data_wrapper,0,0,0,0,0,0,0,0,0,0,0,0,0,0,,,,
1444145606.02192,pg_catalog,pg_conversion,0,0,0,0,0,0,0,0,0,0,0,0,0,0,,,,
1444145606.02192,information_schema,sql_packages,0,0,,,0,0,0,0,0,0,0,0,,,0,0,0,0
1444145606.02192,public,supplier,9,0,60,0,100000,0,0,0,0,0,0,0,6,102,,,,
1444145606.02192,pg_toast,pg_toast_13103,0,0,0,0,0,0,0,0,0,0,0,0,0,0,,,,
1444145606.02192,pg_catalog,pg_class,198,52780,8349,11053,39,1,1,1,38,2,31,10557,17,9826,,,,
1444145606.02192,pg_catalog,pg_opfamily,0,0,0,0,0,0,0,0,0,0,0,0,0,0,,,,
1444145606.02192,pg_catalog,pg_auth_members,0,0,0,0,0,0,0,0,0,0,0,0,0,0,,,,
1444145606.02192,pg_catalog,pg_operator,0,0,792,2521,0,0,0,0,0,0,30,1871,17,1786,,,,
1444145606.02192,pg_catalog,pg_attribute,33,225,5623,11440,190,10,2,3,188,9,76,6662,22,12291,,,,
1444145606.02192,pg_toast,pg_toast_13098,0,0,0,0,0,0,0,0,0,0,0,0,0,0,,,,
1444145606.02192,pg_catalog,pg_tablespace,2,4,116,116,0,0,0,0,0,0,2,116,6,230,,,,
1444145606.02192,pg_catalog,pgxc_group,0,0,0,0,0,0,0,0,0,0,0,0,0,0,,,,
1444145606.02192,pg_toast,pg_toast_3592,0,0,0,0,0,0,0,0,0,0,0,0,0,0,,,,
1444145606.02192,pg_catalog,pg_statistic,0,0,803,603,61,0,0,0,61,0,26,682,8,1845,9,41,4,40
1444145606.02192,pg_catalog,pg_aggregate,0,0,50,50,0,0,0,0,0,0,2,48,4,88,,,,
1444145606.02192,pg_catalog,pg_inherits,0,0,1,0,0,0,0,0,0,0,0,0,1,0,,,,
1444145606.02192,pg_catalog,pg_policy,0,0,0,0,0,0,0,0,0,0,0,0,0,0,,,,
1444145606.02192,public,partsupp,5,0,74,0,8000000,0,0,0,0,0,0,0,4,92,,,,
1444145606.02192,pg_catalog,pg_enum,0,0,0,0,0,0,0,0,0,0,0,0,0,0,,,,
1444145606.02192,pg_catalog,pg_replication_origin,0,0,0,0,0,0,0,0,0,0,0,0,0,0,,,,
1444145606.02192,pg_toast,pg_toast_2396,0,0,0,0,0,0,0,0,0,0,0,0,0,0,,,,
1444145606.02192,pg_catalog,pg_pltemplate,0,0,0,0,0,0,0,0,0,0,0,0,0,0,,,,
1444145606.02192,pg_toast,pg_toast_2618,0,0,84,268,0,0,0,0,0,0,12,120,4,132,,,,
1444145606.02192,pg_toast,pg_toast_3596,0,0,0,0,0,0,0,0,0,0,0,0,0,0,,,,
1444145606.02192,public,lineitem,16,0,69,0,60045669,0,0,0,59617,0,0,0,16,253,,,,
1444145606.02192,pg_toast,pg_toast_2606,0,0,0,0,0,0,0,0,0,0,0,0,0,0,,,,
1444145606.02192,information_schema,sql_sizing,0,0,,,0,0,0,0,0,0,0,0,,,0,0,0,0
1444145606.02192,pg_catalog,pg_transform,0,0,0,0,0,0,0,0,0,0,0,0,0,0,,,,
1444145606.02192,pg_toast,pg_toast_2964,0,0,0,0,0,0,0,0,0,0,0,0,0,0,,,,
1444145606.02192,pg_catalog,pg_database,59,224,916,914,1,0,0,0,1,0,5,989,8,1402,,,,
1444145606.02192,pg_toast,pg_toast_2620,0,0,0,0,0,0,0,0,0,0,0,0,0,0,,,,
1444145606.02192,pg_catalog,pg_depend,0,0,377,398,108,0,9,0,99,9,22,574,31,1260,,,,
1444145606.02192,pg_catalog,pg_language,0,0,0,0,0,0,0,0,0,0,0,0,0,0,,,,
1444145606.02192,pg_catalog,pg_amproc,6,12,740,1191,0,0,0,0,0,0,8,750,6,1693,,,,
1444145606.02192,public,customer,12,0,28,0,1500000,0,0,0,0,0,0,0,5,68,,,,
1444145606.02192,public,nation,14,0,54,0,25,0,0,0,0,0,0,0,2,69,,,,
1444145606.02192,pg_catalog,pgxc_node,251,746,1100,1094,2,1,0,1,2,1,6,1349,10,1558,,,,
1444145606.02192,pg_toast,pg_toast_13088,0,0,0,0,0,0,0,0,0,0,0,0,0,0,,,,
1444145606.02192,pg_catalog,pg_collation,0,0,18,18,0,0,0,0,0,0,2,16,6,48,,,,
1444145606.02192,pg_catalog,pg_range,0,0,7,0,0,0,0,0,0,0,0,0,4,10,,,,
1444145606.02192,pg_toast,pg_toast_2609,0,0,0,0,0,0,0,0,0,0,0,0,0,0,,,,
1444145606.02192,information_schema,sql_languages,0,0,,,0,0,0,0,0,0,0,0,,,0,0,0,0
1444145606.02192,pg_catalog,pg_opclass,6,6,984,11194,0,0,0,0,0,0,6,4184,8,1307,,,,
1444145606.02192,public,orders,10,0,32,0,15015000,0,0,0,15000,0,0,0,6,65,,,,
1444145606.02192,pg_catalog,pg_rewrite,0,0,123,120,1,0,1,0,0,1,15,113,6,206,12,120,8,264
1444145606.02192,pg_toast,pg_toast_1255,0,0,0,0,0,0,0,0,0,0,0,0,0,0,,,,
1444145606.02192,pg_catalog,pg_seclabel,0,0,4,0,0,0,0,0,0,0,0,0,1,3,0,0,0,0
1444145606.02192,pg_toast,pg_toast_13093,0,0,0,0,0,0,0,0,0,0,0,0,0,0,,,,
1444145606.02192,pg_catalog,pg_ts_parser,0,0,0,0,0,0,0,0,0,0,0,0,0,0,,,,
1444145606.02192,pg_catalog,pg_trigger,0,0,0,0,0,0,0,0,0,0,0,0,0,0,0,0,0,0
1444145606.02192,information_schema,sql_sizing_profiles,0,0,,,0,0,0,0,0,0,0,0,,,0,0,0,0
1444145606.02192,pg_catalog,pg_event_trigger,0,0,49,0,0,0,0,0,0,0,0,0,1,48,,,,
1444145606.02192,public,part,9,0,42,0,2000000,0,0,0,0,0,0,0,10,92,,,,
1444145606.02192,pg_catalog,pg_foreign_table,0,0,0,0,0,0,0,0,0,0,0,0,0,0,,,,
1444145606.02192,public,region,6,0,12,0,5,0,0,0,0,0,0,0,2,16,,,,
1444145606.02192,pg_catalog,pg_shseclabel,0,0,0,0,0,0,0,0,0,0,0,0,0,0,0,0,0,0
1444145606.02192,pg_catalog,pg_extension,0,0,0,0,0,0,0,0,0,0,0,0,0,0,,,,
1444145606.02192,information_schema,sql_parts,0,0,,,0,0,0,0,0,0,0,0,,,0,0,0,0
1444145606.02192,pg_catalog,pg_ts_config,0,0,0,0,0,0,0,0,0,0,0,0,0,0,,,,
1444145606.02192,information_schema,sql_features,0,0,,,0,0,0,0,0,0,0,0,,,0,0,0,0
1444145606.02192,pg_catalog,pg_shdescription,0,0,0,0,0,0,0,0,0,0,0,0,0,0,0,0,0,0
1444145606.02192,pg_catalog,pg_cast,0,0,4003,1206,0,0,0,0,0,0,4,1202,4,4161,,,,
1444145606.02192,pg_catalog,pg_amop,0,0,1234,1969,0,0,0,0,0,0,10,1959,14,2659,,,,
1444145606.02192,pg_toast,pg_toast_13083,0,0,0,0,0,0,0,0,0,0,0,0,0,0,,,,
1444145606.02192,pg_catalog,pg_user_mapping,0,0,0,0,0,0,0,0,0,0,0,0,0,0,,,,
1444145606.02192,pg_catalog,pg_type,0,0,3075,2917,21,0,2,0,19,2,14,2963,12,3653,,,,
1444145606.02192,public,time_statistics,0,0,,,8,6,0,0,8,6,0,0,,,,,,
1444145606.02192,pg_catalog,pg_largeobject,0,0,0,0,0,0,0,0,0,0,0,0,0,0,,,,
1444145606.02192,information_schema,sql_implementation_info,0,0,,,0,0,0,0,0,0,0,0,,,0,0,0,0
1444145606.02192,pg_catalog,pg_ts_config_map,0,0,0,0,0,0,0,0,0,0,0,0,0,0,,,,
1444145606.02192,pg_catalog,pg_largeobject_metadata,0,0,0,0,0,0,0,0,0,0,0,0,0,0,,,,
1444145606.02192,pg_catalog,pg_am,247,247,0,0,0,0,0,0,0,0,2,245,0,0,,,,
1444145606.02192,pg_catalog,pg_ts_template,0,0,0,0,0,0,0,0,0,0,0,0,0,0,,,,
1444145606.02192,pg_catalog,pg_foreign_server,0,0,0,0,0,0,0,0,0,0,0,0,0,0,,,,
1444145606.02192,pg_catalog,pg_namespace,50,350,870,670,0,0,0,0,0,0,2,718,8,1162,,,,
1444145606.02192,pg_toast,pg_toast_2619,0,0,18,22,13,0,0,0,13,0,9,41,4,40,,,,
1444145606.02192,pg_catalog,pg_authid,20,20,429,429,0,0,0,0,0,0,2,447,8,850,,,,
1444145606.02192,pg_catalog,pgxc_class,0,0,705,225,9,0,0,0,9,0,2,232,4,814,,,,
1444145606.02192,pg_catalog,pg_default_acl,0,0,44,0,0,0,0,0,0,0,0,0,1,43,,,,
1444145606.02192,pg_catalog,pg_shdepend,0,0,17,12,0,0,0,0,0,0,1,11,4,27,,,,
1444145606.02192,pg_catalog,pg_constraint,0,0,8,0,8,0,0,0,8,0,5,28,8,64,0,0,0,0
1444145606.02192,pg_catalog,pg_index,101,11716,1965,2755,28,0,0,0,28,0,12,2360,8,2391,,,,
1444145606.02192,pg_toast,pg_toast_13078,0,0,0,0,0,0,0,0,0,0,0,0,0,0,,,,
1444145606.02192,pg_toast,pg_toast_2604,0,0,0,0,0,0,0,0,0,0,0,0,0,0,,,,
1444145606.02192,pg_catalog,pg_ts_dict,0,0,0,0,0,0,0,0,0,0,0,0,0,0,,,,
1444145606.02192,pg_toast,pg_toast_13108,0,0,0,0,0,0,0,0,0,0,0,0,0,0,,,,
1444145606.02192,pg_catalog,pg_proc,0,0,1715,2543,0,0,0,0,0,0,58,1952,37,3656,0,0,0,0
1444145666.04223,pg_catalog,pg_attrdef,0,0,0,0,0,0,0,0,0,0,0,0,0,0,0,0,0,0
1444145666.04223,pg_catalog,pg_db_role_setting,0,0,1052,0,0,0,0,0,0,0,0,0,2,1050,0,0,0,0
1444145666.04223,pg_catalog,pg_tablesample_method,0,0,0,0,0,0,0,0,0,0,0,0,0,0,,,,
1444145666.04223,pg_catalog,pg_description,0,0,4,0,0,0,0,0,0,0,0,0,3,6,0,0,0,0
1444145666.04223,pg_catalog,pg_foreign_data_wrapper,0,0,0,0,0,0,0,0,0,0,0,0,0,0,,,,
1444145666.04223,pg_catalog,pg_conversion,0,0,0,0,0,0,0,0,0,0,0,0,0,0,,,,
1444145666.04223,information_schema,sql_packages,0,0,,,0,0,0,0,0,0,0,0,,,0,0,0,0
1444145666.04223,public,supplier,9,0,60,0,100000,0,0,0,0,0,0,0,6,102,,,,
1444145666.04223,pg_toast,pg_toast_13103,0,0,0,0,0,0,0,0,0,0,0,0,0,0,,,,
1444145666.04223,pg_catalog,pg_class,206,55332,8840,11718,39,1,1,1,38,2,31,11138,17,10395,,,,
1444145666.04223,pg_catalog,pg_opfamily,0,0,0,0,0,0,0,0,0,0,0,0,0,0,,,,
1444145666.04223,pg_catalog,pg_auth_members,0,0,0,0,0,0,0,0,0,0,0,0,0,0,,,,
1444145666.04223,pg_catalog,pg_operator,0,0,860,3034,0,0,0,0,0,0,30,2234,18,1940,,,,
1444145666.04223,pg_catalog,pg_attribute,33,225,5908,11965,190,10,2,3,188,9,76,6959,22,12876,,,,
1444145666.04223,pg_toast,pg_toast_13098,0,0,0,0,0,0,0,0,0,0,0,0,0,0,,,,
1444145666.04223,pg_catalog,pg_tablespace,2,4,127,127,0,0,0,0,0,0,2,127,6,252,,,,
1444145666.04223,pg_catalog,pgxc_group,0,0,0,0,0,0,0,0,0,0,0,0,0,0,,,,
1444145666.04223,pg_toast,pg_toast_3592,0,0,0,0,0,0,0,0,0,0,0,0,0,0,,,,
1444145666.04223,pg_catalog,pg_statistic,0,0,855,639,61,0,0,0,61,0,26,718,8,1959,9,41,4,40
1444145666.04223,pg_catalog,pg_aggregate,0,0,55,55,0,0,0,0,0,0,2,53,4,97,,,,
1444145666.04223,pg_catalog,pg_inherits,0,0,1,0,0,0,0,0,0,0,0,0,1,0,,,,
1444145666.04223,pg_catalog,pg_policy,0,0,0,0,0,0,0,0,0,0,0,0,0,0,,,,
1444145666.04223,public,partsupp,5,0,74,0,8000000,0,0,0,0,0,0,0,4,92,,,,
1444145666.04223,pg_catalog,pg_enum,0,0,0,0,0,0,0,0,0,0,0,0,0,0,,,,
1444145666.04223,pg_catalog,pg_replication_origin,0,0,0,0,0,0,0,0,0,0,0,0,0,0,,,,
1444145666.04223,pg_toast,pg_toast_2396,0,0,0,0,0,0,0,0,0,0,0,0,0,0,,,,
1444145666.04223,pg_catalog,pg_pltemplate,0,0,0,0,0,0,0,0,0,0,0,0,0,0,,,,
1444145666.04223,pg_toast,pg_toast_2618,0,0,89,284,0,0,0,0,0,0,12,128,4,140,,,,
1444145666.04223,pg_toast,pg_toast_3596,0,0,0,0,0,0,0,0,0,0,0,0,0,0,,,,
1444145666.04223,public,lineitem,16,0,75,0,60045669,0,0,0,59617,0,0,0,16,299,,,,
1444145666.04223,pg_toast,pg_toast_2606,0,0,0,0,0,0,0,0,0,0,0,0,0,0,,,,
1444145666.04223,information_schema,sql_sizing,0,0,,,0,0,0,0,0,0,0,0,,,0,0,0,0
1444145666.04223,pg_catalog,pg_transform,0,0,0,0,0,0,0,0,0,0,0,0,0,0,,,,
1444145666.04223,pg_toast,pg_toast_2964,0,0,0,0,0,0,0,0,0,0,0,0,0,0,,,,
1444145666.04223,pg_catalog,pg_database,62,236,971,969,1,0,0,0,1,0,5,1048,8,1489,,,,
1444145666.04223,pg_toast,pg_toast_2620,0,0,0,0,0,0,0,0,0,0,0,0,0,0,,,,
1444145666.04223,pg_catalog,pg_depend,0,0,377,398,108,0,9,0,99,9,22,574,31,1260,,,,
1444145666.04223,pg_catalog,pg_language,0,0,0,0,0,0,0,0,0,0,0,0,0,0,,,,
1444145666.04223,pg_catalog,pg_amproc,6,12,785,1265,0,0,0,0,0,0,8,795,6,1798,,,,
1444145666.04223,public,customer,12,0,32,0,1500000,0,0,0,0,0,0,0,10,72,,,,
1444145666.04223,public,nation,14,0,54,0,25,0,0,0,0,0,0,0,2,69,,,,
1444145666.04223,pg_catalog,pgxc_node,267,794,1168,1162,2,1,0,1,2,1,6,1433,10,1656,,,,
1444145666.04223,pg_toast,pg_toast_13088,0,0,0,0,0,0,0,0,0,0,0,0,0,0,,,,
1444145666.04223,pg_catalog,pg_collation,0,0,27,27,0,0,0,0,0,0,2,25,6,75,,,,
1444145666.04223,pg_catalog,pg_range,0,0,10,0,0,0,0,0,0,0,0,0,4,16,,,,
1444145666.04223,pg_toast,pg_toast_2609,0,0,0,0,0,0,0,0,0,0,0,0,0,0,,,,
1444145666.04223,information_schema,sql_languages,0,0,,,0,0,0,0,0,0,0,0,,,0,0,0,0
1444145666.04223,pg_catalog,pg_opclass,6,6,1036,11656,0,0,0,0,0,0,6,4372,8,1377,,,,
1444145666.04223,public,orders,10,0,36,0,15015000,0,0,0,15000,0,0,0,6,72,,,,
1444145666.04223,pg_catalog,pg_rewrite,0,0,129,126,1,0,1,0,0,1,15,119,6,216,12,128,8,280
1444145666.04223,pg_toast,pg_toast_1255,0,0,0,0,0,0,0,0,0,0,0,0,0,0,,,,
1444145666.04223,pg_catalog,pg_seclabel,0,0,4,0,0,0,0,0,0,0,0,0,1,3,0,0,0,0
1444145666.04223,pg_toast,pg_toast_13093,0,0,0,0,0,0,0,0,0,0,0,0,0,0,,,,
1444145666.04223,pg_catalog,pg_ts_parser,0,0,0,0,0,0,0,0,0,0,0,0,0,0,,,,
1444145666.04223,pg_catalog,pg_trigger,0,0,0,0,0,0,0,0,0,0,0,0,0,0,0,0,0,0
1444145666.04223,information_schema,sql_sizing_profiles,0,0,,,0,0,0,0,0,0,0,0,,,0,0,0,0
1444145666.04223,pg_catalog,pg_event_trigger,0,0,49,0,0,0,0,0,0,0,0,0,1,48,,,,
1444145666.04223,public,part,9,0,44,0,2000000,0,0,0,0,0,0,0,10,99,,,,
1444145666.04223,pg_catalog,pg_foreign_table,0,0,0,0,0,0,0,0,0,0,0,0,0,0,,,,
1444145666.04223,public,region,6,0,12,0,5,0,0,0,0,0,0,0,2,16,,,,
1444145666.04223,pg_catalog,pg_shseclabel,0,0,0,0,0,0,0,0,0,0,0,0,0,0,0,0,0,0
1444145666.04223,pg_catalog,pg_extension,0,0,0,0,0,0,0,0,0,0,0,0,0,0,,,,
1444145666.04223,information_schema,sql_parts,0,0,,,0,0,0,0,0,0,0,0,,,0,0,0,0
1444145666.04223,pg_catalog,pg_ts_config,0,0,0,0,0,0,0,0,0,0,0,0,0,0,,,,
1444145666.04223,information_schema,sql_features,0,0,,,0,0,0,0,0,0,0,0,,,0,0,0,0
1444145666.04223,pg_catalog,pg_shdescription,0,0,0,0,0,0,0,0,0,0,0,0,0,0,0,0,0,0
1444145666.04223,pg_catalog,pg_cast,0,0,4363,1289,0,0,0,0,0,0,4,1285,4,4534,,,,
1444145666.04223,pg_catalog,pg_amop,0,0,1309,2108,0,0,0,0,0,0,10,2098,14,2824,,,,
1444145666.04223,pg_toast,pg_toast_13083,0,0,0,0,0,0,0,0,0,0,0,0,0,0,,,,
1444145666.04223,pg_catalog,pg_user_mapping,0,0,0,0,0,0,0,0,0,0,0,0,0,0,,,,
1444145666.04223,pg_catalog,pg_type,0,0,3391,3232,21,0,2,0,19,2,14,3278,12,3986,,,,
1444145666.04223,public,time_statistics,0,0,,,11,9,0,0,11,9,0,0,,,,,,
1444145666.04223,pg_catalog,pg_largeobject,0,0,0,0,0,0,0,0,0,0,0,0,0,0,,,,
1444145666.04223,information_schema,sql_implementation_info,0,0,,,0,0,0,0,0,0,0,0,,,0,0,0,0
1444145666.04223,pg_catalog,pg_ts_config_map,0,0,0,0,0,0,0,0,0,0,0,0,0,0,,,,
1444145666.04223,pg_catalog,pg_largeobject_metadata,0,0,0,0,0,0,0,0,0,0,0,0,0,0,,,,
1444145666.04223,pg_catalog,pg_am,262,262,0,0,0,0,0,0,0,0,2,260,0,0,,,,
1444145666.04223,pg_catalog,pg_ts_template,0,0,0,0,0,0,0,0,0,0,0,0,0,0,,,,
1444145666.04223,pg_catalog,pg_foreign_server,0,0,0,0,0,0,0,0,0,0,0,0,0,0,,,,
1444145666.04223,pg_catalog,pg_namespace,53,371,925,712,0,0,0,0,0,0,2,763,8,1241,,,,
1444145666.04223,pg_toast,pg_toast_2619,0,0,18,22,13,0,0,0,13,0,9,41,4,40,,,,
1444145666.04223,pg_catalog,pg_authid,21,21,457,457,0,0,0,0,0,0,2,476,8,906,,,,
1444145666.04223,pg_catalog,pgxc_class,0,0,754,237,9,0,0,0,9,0,2,244,4,872,,,,
1444145666.04223,pg_catalog,pg_default_acl,0,0,44,0,0,0,0,0,0,0,0,0,1,43,,,,
1444145666.04223,pg_catalog,pg_shdepend,0,0,17,12,0,0,0,0,0,0,1,11,4,27,,,,
1444145666.04223,pg_catalog,pg_constraint,0,0,8,0,8,0,0,0,8,0,5,28,8,64,0,0,0,0
1444145666.04223,pg_catalog,pg_index,106,12496,2055,2887,28,0,0,0,28,0,12,2470,8,2503,,,,
1444145666.04223,pg_toast,pg_toast_13078,0,0,0,0,0,0,0,0,0,0,0,0,0,0,,,,
1444145666.04223,pg_toast,pg_toast_2604,0,0,0,0,0,0,0,0,0,0,0,0,0,0,,,,
1444145666.04223,pg_catalog,pg_ts_dict,0,0,0,0,0,0,0,0,0,0,0,0,0,0,,,,
1444145666.04223,pg_toast,pg_toast_13108,0,0,0,0,0,0,0,0,0,0,0,0,0,0,,,,
1444145666.04223,pg_catalog,pg_proc,0,0,1853,2736,0,0,0,0,0,0,60,2103,38,3957,0,0,0,0
1444145726.07592,pg_catalog,pg_attrdef,0,0,0,0,0,0,0,0,0,0,0,0,0,0,0,0,0,0
1444145726.07592,pg_catalog,pg_db_role_setting,0,0,1104,0,0,0,0,0,0,0,0,0,2,1102,0,0,0,0
1444145726.07592,pg_catalog,pg_tablesample_method,0,0,0,0,0,0,0,0,0,0,0,0,0,0,,,,
1444145726.07592,pg_catalog,pg_description,0,0,4,0,0,0,0,0,0,0,0,0,3,6,0,0,0,0
1444145726.07592,pg_catalog,pg_foreign_data_wrapper,0,0,0,0,0,0,0,0,0,0,0,0,0,0,,,,
1444145726.07592,pg_catalog,pg_conversion,0,0,0,0,0,0,0,0,0,0,0,0,0,0,,,,
1444145726.07592,information_schema,sql_packages,0,0,,,0,0,0,0,0,0,0,0,,,0,0,0,0
1444145726.07592,public,supplier,9,0,68,0,100000,0,0,0,0,0,0,0,6,116,,,,
1444145726.07592,pg_toast,pg_toast_13103,0,0,0,0,0,0,0,0,0,0,0,0,0,0,,,,
1444145726.07592,pg_catalog,pg_class,216,58608,9366,12408,39,1,1,1,38,2,31,11770,17,11015,,,,
1444145726.07592,pg_catalog,pg_opfamily,0,0,0,0,0,0,0,0,0,0,0,0,0,0,,,,
1444145726.07592,pg_catalog,pg_auth_members,0,0,0,0,0,0,0,0,0,0,0,0,0,0,,,,
1444145726.07592,pg_catalog,pg_operator,0,0,913,3310,0,0,0,0,0,0,30,2424,18,2063,,,,
1444145726.07592,pg_catalog,pg_attribute,33,225,6226,12549,190,10,2,3,188,9,76,7286,22,13525,,,,
1444145726.07592,pg_toast,pg_toast_13098,0,0,0,0,0,0,0,0,0,0,0,0,0,0,,,,
1444145726.07592,pg_catalog,pg_tablespace,2,4,136,136,0,0,0,0,0,0,2,136,6,270,,,,
1444145726.07592,pg_catalog,pgxc_group,0,0,0,0,0,0,0,0,0,0,0,0,0,0,,,,
1444145726.07592,pg_toast,pg_toast_3592,0,0,0,0,0,0,0,0,0,0,0,0,0,0,,,,
1444145726.07592,pg_catalog,pg_statistic,0,0,922,693,61,0,0,0,61,0,26,772,8,2103,9,41,4,40
1444145726.07592,pg_catalog,pg_aggregate,0,0,58,58,0,0,0,0,0,0,2,56,4,103,,,,
1444145726.07592,pg_catalog,pg_inherits,0,0,1,0,0,0,0,0,0,0,0,0,1,0,,,,
1444145726.07592,pg_catalog,pg_policy,0,0,0,0,0,0,0,0,0,0,0,0,0,0,,,,
1444145726.07592,public,partsupp,5,0,74,0,8000000,0,0,0,0,0,0,0,4,92,,,,
1444145726.07592,pg_catalog,pg_enum,0,0,0,0,0,0,0,0,0,0,0,0,0,0,,,,
1444145726.07592,pg_catalog,pg_replication_origin,0,0,0,0,0,0,0,0,0,0,0,0,0,0,,,,
1444145726.07592,pg_toast,pg_toast_2396,0,0,0,0,0,0,0,0,0,0,0,0,0,0,,,,
1444145726.07592,pg_catalog,pg_pltemplate,0,0,0,0,0,0,0,0,0,0,0,0,0,0,,,,
1444145726.07592,pg_toast,pg_toast_2618,0,0,94,300,0,0,0,0,0,0,12,136,4,148,,,,
1444145726.07592,pg_toast,pg_toast_3596,0,0,0,0,0,0,0,0,0,0,0,0,0,0,,,,
1444145726.07592,public,lineitem,16,0,95,0,60045669,0,0,0,59617,0,0,0,16,351,,,,
1444145726.07592,pg_toast,pg_toast_2606,0,0,0,0,0,0,0,0,0,0,0,0,0,0,,,,
1444145726.07592,information_schema,sql_sizing,0,0,,,0,0,0,0,0,0,0,0,,,0,0,0,0
1444145726.07592,pg_catalog,pg_transform,0,0,0,0,0,0,0,0,0,0,0,0,0,0,,,,
1444145726.07592,pg_toast,pg_toast_2964,0,0,0,0,0,0,0,0,0,0,0,0,0,0,,,,
1444145726.07592,pg_catalog,pg_database,65,248,1014,1012,1,0,0,0,1,0,5,1095,8,1558,,,,
1444145726.07592,pg_toast,pg_toast_2620,0,0,0,0,0,0,0,0,0,0,0,0,0,0,,,,
1444145726.07592,pg_catalog,pg_depend,0,0,377,398,108,0,9,0,99,9,22,574,31,1260,,,,
1444145726.07592,pg_catalog,pg_language,0,0,0,0,0,0,0,0,0,0,0,0,0,0,,,,
1444145726.07592,pg_catalog,pg_amproc,6,12,828,1330,0,0,0,0,0,0,8,837,6,1897,,,,
1444145726.07592,public,customer,12,0,36,0,1500000,0,0,0,0,0,0,0,10,81,,,,
1444145726.07592,public,nation,14,0,62,0,25,0,0,0,0,0,0,0,2,80,,,,
1444145726.07592,pg_catalog,pgxc_node,280,833,1222,1216,2,1,0,1,2,1,6,1500,10,1734,,,,
1444145726.07592,pg_toast,pg_toast_13088,0,0,0,0,0,0,0,0,0,0,0,0,0,0,,,,
1444145726.07592,pg_catalog,pg_collation,0,0,33,33,0,0,0,0,0,0,2,31,6,93,,,,
1444145726.07592,pg_catalog,pg_range,0,0,13,0,0,0,0,0,0,0,0,0,4,22,,,,
1444145726.07592,pg_toast,pg_toast_2609,0,0,0,0,0,0,0,0,0,0,0,0,0,0,,,,
1444145726.07592,information_schema,sql_languages,0,0,,,0,0,0,0,0,0,0,0,,,0,0,0,0
1444145726.07592,pg_catalog,pg_opclass,6,6,1085,12196,0,0,0,0,0,0,6,4585,8,1445,,,,
1444145726.07592,public,orders,10,0,44,0,15015000,0,0,0,15000,0,0,0,6,86,,,,
1444145726.07592,pg_catalog,pg_rewrite,0,0,137,134,1,0,1,0,0,1,15,127,6,230,12,136,8,296
1444145726.07592,pg_toast,pg_toast_1255,0,0,0,0,0,0,0,0,0,0,0,0,0,0,,,,
1444145726.07592,pg_catalog,pg_seclabel,0,0,4,0,0,0,0,0,0,0,0,0,1,3,0,0,0,0
1444145726.07592,pg_toast,pg_toast_13093,0,0,0,0,0,0,0,0,0,0,0,0,0,0,,,,
1444145726.07592,pg_catalog,pg_ts_parser,0,0,0,0,0,0,0,0,0,0,0,0,0,0,,,,
1444145726.07592,pg_catalog,pg_trigger,0,0,0,0,0,0,0,0,0,0,0,0,0,0,0,0,0,0
1444145726.07592,information_schema,sql_sizing_profiles,0,0,,,0,0,0,0,0,0,0,0,,,0,0,0,0
1444145726.07592,pg_catalog,pg_event_trigger,0,0,49,0,0,0,0,0,0,0,0,0,1,48,,,,
1444145726.07592,public,part,9,0,48,0,2000000,0,0,0,0,0,0,0,10,108,,,,
1444145726.07592,pg_catalog,pg_foreign_table,0,0,0,0,0,0,0,0,0,0,0,0,0,0,,,,
1444145726.07592,public,region,6,0,14,0,5,0,0,0,0,0,0,0,2,19,,,,
1444145726.07592,pg_catalog,pg_shseclabel,0,0,0,0,0,0,0,0,0,0,0,0,0,0,0,0,0,0
1444145726.07592,pg_catalog,pg_extension,0,0,0,0,0,0,0,0,0,0,0,0,0,0,,,,
1444145726.07592,information_schema,sql_parts,0,0,,,0,0,0,0,0,0,0,0,,,0,0,0,0
1444145726.07592,pg_catalog,pg_ts_config,0,0,0,0,0,0,0,0,0,0,0,0,0,0,,,,
1444145726.07592,information_schema,sql_features,0,0,,,0,0,0,0,0,0,0,0,,,0,0,0,0
1444145726.07592,pg_catalog,pg_shdescription,0,0,0,0,0,0,0,0,0,0,0,0,0,0,0,0,0,0
1444145726.07592,pg_catalog,pg_cast,0,0,4668,1363,0,0,0,0,0,0,4,1359,4,4851,,,,
1444145726.07592,pg_catalog,pg_amop,0,0,1399,2261,0,0,0,0,0,0,10,2251,14,3020,,,,
1444145726.07592,pg_toast,pg_toast_13083,0,0,0,0,0,0,0,0,0,0,0,0,0,0,,,,
1444145726.07592,pg_catalog,pg_user_mapping,0,0,0,0,0,0,0,0,0,0,0,0,0,0,,,,
1444145726.07592,pg_catalog,pg_type,0,0,3659,3498,21,0,2,0,19,2,14,3544,12,4271,,,,
1444145726.07592,public,time_statistics,0,0,,,13,11,0,0,13,11,0,0,,,,,,
1444145726.07592,pg_catalog,pg_largeobject,0,0,0,0,0,0,0,0,0,0,0,0,0,0,,,,
1444145726.07592,information_schema,sql_implementation_info,0,0,,,0,0,0,0,0,0,0,0,,,0,0,0,0
1444145726.07592,pg_catalog,pg_ts_config_map,0,0,0,0,0,0,0,0,0,0,0,0,0,0,,,,
1444145726.07592,pg_catalog,pg_largeobject_metadata,0,0,0,0,0,0,0,0,0,0,0,0,0,0,,,,
1444145726.07592,pg_catalog,pg_am,275,275,0,0,0,0,0,0,0,0,2,273,0,0,,,,
1444145726.07592,pg_catalog,pg_ts_template,0,0,0,0,0,0,0,0,0,0,0,0,0,0,,,,
1444145726.07592,pg_catalog,pg_foreign_server,0,0,0,0,0,0,0,0,0,0,0,0,0,0,,,,
1444145726.07592,pg_catalog,pg_namespace,56,392,972,747,0,0,0,0,0,0,2,801,8,1308,,,,
1444145726.07592,pg_toast,pg_toast_2619,0,0,18,22,13,0,0,0,13,0,9,41,4,40,,,,
1444145726.07592,pg_catalog,pg_authid,22,22,479,479,0,0,0,0,0,0,2,499,8,950,,,,
1444145726.07592,pg_catalog,pgxc_class,0,0,810,252,9,0,0,0,9,0,2,259,4,934,,,,
1444145726.07592,pg_catalog,pg_default_acl,0,0,44,0,0,0,0,0,0,0,0,0,1,43,,,,
1444145726.07592,pg_catalog,pg_shdepend,0,0,17,12,0,0,0,0,0,0,1,11,4,27,,,,
1444145726.07592,pg_catalog,pg_constraint,0,0,8,0,8,0,0,0,8,0,5,28,8,64,0,0,0,0
1444145726.07592,pg_catalog,pg_index,111,13276,2157,3034,28,0,0,0,28,0,12,2592,8,2626,,,,
1444145726.07592,pg_toast,pg_toast_13078,0,0,0,0,0,0,0,0,0,0,0,0,0,0,,,,
1444145726.07592,pg_toast,pg_toast_2604,0,0,0,0,0,0,0,0,0,0,0,0,0,0,,,,
1444145726.07592,pg_catalog,pg_ts_dict,0,0,0,0,0,0,0,0,0,0,0,0,0,0,,,,
1444145726.07592,pg_toast,pg_toast_13108,0,0,0,0,0,0,0,0,0,0,0,0,0,0,,,,
1444145726.07592,pg_catalog,pg_proc,0,0,1985,2925,0,0,0,0,0,0,61,2256,39,4244,0,0,0,0
1444145786.0461,pg_catalog,pg_attrdef,0,0,0,0,0,0,0,0,0,0,0,0,0,0,0,0,0,0
1444145786.0461,pg_catalog,pg_db_role_setting,0,0,1180,0,0,0,0,0,0,0,0,0,2,1178,0,0,0,0
1444145786.0461,pg_catalog,pg_tablesample_method,0,0,0,0,0,0,0,0,0,0,0,0,0,0,,,,
1444145786.0461,pg_catalog,pg_description,0,0,4,0,0,0,0,0,0,0,0,0,3,6,0,0,0,0
1444145786.0461,pg_catalog,pg_foreign_data_wrapper,0,0,0,0,0,0,0,0,0,0,0,0,0,0,,,,
1444145786.0461,pg_catalog,pg_conversion,0,0,0,0,0,0,0,0,0,0,0,0,0,0,,,,
1444145786.0461,information_schema,sql_packages,0,0,,,0,0,0,0,0,0,0,0,,,0,0,0,0
1444145786.0461,public,supplier,9,0,68,0,100000,0,0,0,0,0,0,0,6,119,,,,
1444145786.0461,pg_toast,pg_toast_13103,0,0,0,0,0,0,0,0,0,0,0,0,0,0,,,,
1444145786.0461,pg_catalog,pg_class,224,61160,9952,13147,39,1,1,1,38,2,31,12425,17,11723,,,,
1444145786.0461,pg_catalog,pg_opfamily,0,0,0,0,0,0,0,0,0,0,0,0,0,0,,,,
1444145786.0461,pg_catalog,pg_auth_members,0,0,0,0,0,0,0,0,0,0,0,0,0,0,,,,
1444145786.0461,pg_catalog,pg_operator,0,0,1004,3804,0,0,0,0,0,0,30,2764,18,2272,,,,
1444145786.0461,pg_catalog,pg_attribute,33,225,6589,13239,190,10,2,3,188,9,76,7663,22,14271,,,,
1444145786.0461,pg_toast,pg_toast_13098,0,0,0,0,0,0,0,0,0,0,0,0,0,0,,,,
1444145786.0461,pg_catalog,pg_tablespace,2,4,149,149,0,0,0,0,0,0,2,149,6,296,,,,
1444145786.0461,pg_catalog,pgxc_group,0,0,0,0,0,0,0,0,0,0,0,0,0,0,,,,
1444145786.0461,pg_toast,pg_toast_3592,0,0,0,0,0,0,0,0,0,0,0,0,0,0,,,,
1444145786.0461,pg_catalog,pg_statistic,0,0,997,742,61,0,0,0,61,0,26,821,8,2268,10,42,4,44
1444145786.0461,pg_catalog,pg_aggregate,0,0,67,67,0,0,0,0,0,0,2,65,4,118,,,,
1444145786.0461,pg_catalog,pg_inherits,0,0,1,0,0,0,0,0,0,0,0,0,1,0,,,,
1444145786.0461,pg_catalog,pg_policy,0,0,0,0,0,0,0,0,0,0,0,0,0,0,,,,
1444145786.0461,public,partsupp,5,0,76,0,8000000,0,0,0,0,0,0,0,4,96,,,,
1444145786.0461,pg_catalog,pg_enum,0,0,0,0,0,0,0,0,0,0,0,0,0,0,,,,
1444145786.0461,pg_catalog,pg_replication_origin,0,0,0,0,0,0,0,0,0,0,0,0,0,0,,,,
1444145786.0461,pg_toast,pg_toast_2396,0,0,0,0,0,0,0,0,0,0,0,0,0,0,,,,
1444145786.0461,pg_catalog,pg_pltemplate,0,0,0,0,0,0,0,0,0,0,0,0,0,0,,,,
1444145786.0461,pg_toast,pg_toast_2618,0,0,100,318,0,0,0,0,0,0,12,146,4,158,,,,
1444145786.0461,pg_toast,pg_toast_3596,0,0,0,0,0,0,0,0,0,0,0,0,0,0,,,,
1444145786.0461,public,lineitem,16,0,99,0,60045669,0,0,0,59617,0,0,0,16,371,,,,
1444145786.0461,pg_toast,pg_toast_2606,0,0,0,0,0,0,0,0,0,0,0,0,0,0,,,,
1444145786.0461,information_schema,sql_sizing,0,0,,,0,0,0,0,0,0,0,0,,,0,0,0,0
1444145786.0461,pg_catalog,pg_transform,0,0,0,0,0,0,0,0,0,0,0,0,0,0,,,,
1444145786.0461,pg_toast,pg_toast_2964,0,0,0,0,0,0,0,0,0,0,0,0,0,0,,,,
1444145786.0461,pg_catalog,pg_database,68,260,1078,1076,1,0,0,0,1,0,5,1163,8,1660,,,,
1444145786.0461,pg_toast,pg_toast_2620,0,0,0,0,0,0,0,0,0,0,0,0,0,0,,,,
1444145786.0461,pg_catalog,pg_depend,0,0,377,398,108,0,9,0,99,9,22,574,31,1260,,,,
1444145786.0461,pg_catalog,pg_language,0,0,0,0,0,0,0,0,0,0,0,0,0,0,,,,
1444145786.0461,pg_catalog,pg_amproc,6,12,902,1443,0,0,0,0,0,0,8,909,6,2065,,,,
1444145786.0461,public,customer,12,0,44,0,1500000,0,0,0,0,0,0,0,10,109,,,,
1444145786.0461,public,nation,14,0,62,0,25,0,0,0,0,0,0,0,2,80,,,,
1444145786.0461,pg_catalog,pgxc_node,299,890,1304,1298,2,1,0,1,2,1,6,1601,10,1852,,,,
1444145786.0461,pg_toast,pg_toast_13088,0,0,0,0,0,0,0,0,0,0,0,0,0,0,,,,
1444145786.0461,pg_catalog,pg_collation,0,0,48,48,0,0,0,0,0,0,2,46,6,138,,,,
1444145786.0461,pg_catalog,pg_range,0,0,18,0,0,0,0,0,0,0,0,0,4,32,,,,
1444145786.0461,pg_toast,pg_toast_2609,0,0,0,0,0,0,0,0,0,0,0,0,0,0,,,,
1444145786.0461,information_schema,sql_languages,0,0,,,0,0,0,0,0,0,0,0,,,0,0,0,0
1444145786.0461,pg_catalog,pg_opclass,6,6,1179,13267,0,0,0,0,0,0,6,5011,8,1566,,,,
1444145786.0461,public,orders,10,0,48,0,15015000,0,0,0,15000,0,0,0,6,102,,,,
1444145786.0461,pg_catalog,pg_rewrite,0,0,144,141,1,0,1,0,0,1,15,134,6,242,12,146,8,316
1444145786.0461,pg_toast,pg_toast_1255,0,0,0,0,0,0,0,0,0,0,0,0,0,0,,,,
1444145786.0461,pg_catalog,pg_seclabel,0,0,4,0,0,0,0,0,0,0,0,0,1,3,0,0,0,0
1444145786.0461,pg_toast,pg_toast_13093,0,0,0,0,0,0,0,0,0,0,0,0,0,0,,,,
1444145786.0461,pg_catalog,pg_ts_parser,0,0,0,0,0,0,0,0,0,0,0,0,0,0,,,,
1444145786.0461,pg_catalog,pg_trigger,0,0,0,0,0,0,0,0,0,0,0,0,0,0,0,0,0,0
1444145786.0461,information_schema,sql_sizing_profiles,0,0,,,0,0,0,0,0,0,0,0,,,0,0,0,0
1444145786.0461,pg_catalog,pg_event_trigger,0,0,49,0,0,0,0,0,0,0,0,0,1,48,,,,
1444145786.0461,public,part,9,0,50,0,2000000,0,0,0,0,0,0,0,10,115,,,,
1444145786.0461,pg_catalog,pg_foreign_table,0,0,0,0,0,0,0,0,0,0,0,0,0,0,,,,
1444145786.0461,public,region,6,0,14,0,5,0,0,0,0,0,0,0,2,19,,,,
1444145786.0461,pg_catalog,pg_shseclabel,0,0,0,0,0,0,0,0,0,0,0,0,0,0,0,0,0,0
1444145786.0461,pg_catalog,pg_extension,0,0,0,0,0,0,0,0,0,0,0,0,0,0,,,,
1444145786.0461,information_schema,sql_parts,0,0,,,0,0,0,0,0,0,0,0,,,0,0,0,0
1444145786.0461,pg_catalog,pg_ts_config,0,0,0,0,0,0,0,0,0,0,0,0,0,0,,,,
1444145786.0461,information_schema,sql_features,0,0,,,0,0,0,0,0,0,0,0,,,0,0,0,0
1444145786.0461,pg_catalog,pg_shdescription,0,0,0,0,0,0,0,0,0,0,0,0,0,0,0,0,0,0
1444145786.0461,pg_catalog,pg_cast,0,0,5202,1484,0,0,0,0,0,0,4,1480,4,5405,,,,
1444145786.0461,pg_catalog,pg_amop,0,0,1540,2522,0,0,0,0,0,0,10,2512,14,3325,,,,
1444145786.0461,pg_toast,pg_toast_13083,0,0,0,0,0,0,0,0,0,0,0,0,0,0,,,,
1444145786.0461,pg_catalog,pg_user_mapping,0,0,0,0,0,0,0,0,0,0,0,0,0,0,,,,
1444145786.0461,pg_catalog,pg_type,0,0,4102,3932,21,0,2,0,19,2,14,3978,12,4751,,,,
1444145786.0461,public,time_statistics,0,0,,,18,16,0,0,18,16,0,0,,,,,,
1444145786.0461,pg_catalog,pg_largeobject,0,0,0,0,0,0,0,0,0,0,0,0,0,0,,,,
1444145786.0461,information_schema,sql_implementation_info,0,0,,,0,0,0,0,0,0,0,0,,,0,0,0,0
1444145786.0461,pg_catalog,pg_ts_config_map,0,0,0,0,0,0,0,0,0,0,0,0,0,0,,,,
1444145786.0461,pg_catalog,pg_largeobject_metadata,0,0,0,0,0,0,0,0,0,0,0,0,0,0,,,,
1444145786.0461,pg_catalog,pg_am,295,295,0,0,0,0,0,0,0,0,2,293,0,0,,,,
1444145786.0461,pg_catalog,pg_ts_template,0,0,0,0,0,0,0,0,0,0,0,0,0,0,,,,
1444145786.0461,pg_catalog,pg_foreign_server,0,0,0,0,0,0,0,0,0,0,0,0,0,0,,,,
1444145786.0461,pg_catalog,pg_namespace,59,413,1058,813,0,0,0,0,0,0,2,870,8,1431,,,,
1444145786.0461,pg_toast,pg_toast_2619,0,0,20,26,13,0,0,0,13,0,10,42,4,44,,,,
1444145786.0461,pg_catalog,pg_authid,23,23,513,513,0,0,0,0,0,0,2,534,8,1018,,,,
1444145786.0461,pg_catalog,pgxc_class,0,0,885,274,9,0,0,0,9,0,2,281,4,1024,,,,
1444145786.0461,pg_catalog,pg_default_acl,0,0,44,0,0,0,0,0,0,0,0,0,1,43,,,,
1444145786.0461,pg_catalog,pg_shdepend,0,0,17,12,0,0,0,0,0,0,1,11,4,27,,,,
1444145786.0461,pg_catalog,pg_constraint,0,0,8,0,8,0,0,0,8,0,5,28,8,64,0,0,0,0
1444145786.0461,pg_catalog,pg_index,116,14056,2285,3216,28,0,0,0,28,0,12,2740,8,2784,,,,
1444145786.0461,pg_toast,pg_toast_13078,0,0,0,0,0,0,0,0,0,0,0,0,0,0,,,,
1444145786.0461,pg_toast,pg_toast_2604,0,0,0,0,0,0,0,0,0,0,0,0,0,0,,,,
1444145786.0461,pg_catalog,pg_ts_dict,0,0,0,0,0,0,0,0,0,0,0,0,0,0,,,,
1444145786.0461,pg_toast,pg_toast_13108,0,0,0,0,0,0,0,0,0,0,0,0,0,0,,,,
1444145786.0461,pg_catalog,pg_proc,0,0,2162,3164,0,0,0,0,0,0,61,2453,39,4638,0,0,0,0
1444145846.07449,pg_catalog,pg_attrdef,0,0,0,0,0,0,0,0,0,0,0,0,0,0,0,0,0,0
1444145846.07449,pg_catalog,pg_db_role_setting,0,0,1256,0,0,0,0,0,0,0,0,0,2,1254,0,0,0,0
1444145846.07449,pg_catalog,pg_tablesample_method,0,0,0,0,0,0,0,0,0,0,0,0,0,0,,,,
1444145846.07449,pg_catalog,pg_description,0,0,8,0,0,0,0,0,0,0,0,0,6,12,0,0,0,0
1444145846.07449,pg_catalog,pg_foreign_data_wrapper,0,0,0,0,0,0,0,0,0,0,0,0,0,0,,,,
1444145846.07449,pg_catalog,pg_conversion,0,0,0,0,0,0,0,0,0,0,0,0,0,0,,,,
1444145846.07449,information_schema,sql_packages,0,0,,,0,0,0,0,0,0,0,0,,,0,0,0,0
1444145846.07449,public,supplier,9,0,76,0,100000,0,0,0,0,0,0,0,6,136,,,,
1444145846.07449,pg_toast,pg_toast_13103,0,0,0,0,0,0,0,0,0,0,0,0,0,0,,,,
1444145846.07449,pg_catalog,pg_class,234,64436,10467,13829,40,2,2,2,38,4,34,13053,18,12334,,,,
1444145846.07449,pg_catalog,pg_opfamily,0,0,0,0,0,0,0,0,0,0,0,0,0,0,,,,
1444145846.07449,pg_catalog,pg_auth_members,0,0,0,0,0,0,0,0,0,0,0,0,0,0,,,,
1444145846.07449,pg_catalog,pg_operator,0,0,1071,4209,0,0,0,0,0,0,30,3043,18,2426,,,,
1444145846.07449,pg_catalog,pg_attribute,33,225,6893,13804,192,10,4,3,188,11,77,7981,25,14901,,,,
1444145846.07449,pg_toast,pg_toast_13098,0,0,0,0,0,0,0,0,0,0,0,0,0,0,,,,
1444145846.07449,pg_catalog,pg_tablespace,2,4,162,162,0,0,0,0,0,0,2,162,6,322,,,,
1444145846.07449,pg_catalog,pgxc_group,0,0,0,0,0,0,0,0,0,0,0,0,0,0,,,,
1444145846.07449,pg_toast,pg_toast_3592,0,0,0,0,0,0,0,0,0,0,0,0,0,0,,,,
1444145846.07449,pg_catalog,pg_statistic,0,0,1057,787,61,0,0,0,61,0,26,866,8,2399,10,43,4,46
1444145846.07449,pg_catalog,pg_aggregate,0,0,75,75,0,0,0,0,0,0,2,73,4,130,,,,
1444145846.07449,pg_catalog,pg_inherits,0,0,2,0,0,0,0,0,0,0,0,0,2,0,,,,
1444145846.07449,pg_catalog,pg_policy,0,0,0,0,0,0,0,0,0,0,0,0,0,0,,,,
1444145846.07449,public,partsupp,5,0,84,0,8000000,0,0,0,0,0,0,0,4,108,,,,
1444145846.07449,pg_catalog,pg_enum,0,0,0,0,0,0,0,0,0,0,0,0,0,0,,,,
1444145846.07449,pg_catalog,pg_replication_origin,0,0,0,0,0,0,0,0,0,0,0,0,0,0,,,,
1444145846.07449,pg_toast,pg_toast_2396,0,0,0,0,0,0,0,0,0,0,0,0,0,0,,,,
1444145846.07449,pg_catalog,pg_pltemplate,0,0,0,0,0,0,0,0,0,0,0,0,0,0,,,,
1444145846.07449,pg_toast,pg_toast_2618,0,0,104,332,0,0,0,0,0,0,12,152,4,164,,,,
1444145846.07449,pg_toast,pg_toast_3596,0,0,0,0,0,0,0,0,0,0,0,0,0,0,,,,
1444145846.07449,public,lineitem,16,0,100,0,60045669,0,0,0,59617,0,0,0,16,396,,,,
1444145846.07449,pg_toast,pg_toast_2606,0,0,0,0,0,0,0,0,0,0,0,0,0,0,,,,
1444145846.07449,information_schema,sql_sizing,0,0,,,0,0,0,0,0,0,0,0,,,0,0,0,0
1444145846.07449,pg_catalog,pg_transform,0,0,0,0,0,0,0,0,0,0,0,0,0,0,,,,
1444145846.07449,pg_toast,pg_toast_2964,0,0,0,0,0,0,0,0,0,0,0,0,0,0,,,,
1444145846.07449,pg_catalog,pg_database,71,272,1140,1138,1,0,0,0,1,0,5,1229,8,1760,,,,
1444145846.07449,pg_toast,pg_toast_2620,0,0,0,0,0,0,0,0,0,0,0,0,0,0,,,,
1444145846.07449,pg_catalog,pg_depend,0,0,421,450,117,0,18,0,99,18,35,622,49,1370,,,,
1444145846.07449,pg_catalog,pg_language,0,0,0,0,0,0,0,0,0,0,0,0,0,0,,,,
1444145846.07449,pg_catalog,pg_amproc,6,12,947,1511,0,0,0,0,0,0,8,953,6,2170,,,,
1444145846.07449,public,customer,12,0,44,0,1500000,0,0,0,0,0,0,0,10,109,,,,
1444145846.07449,public,nation,14,0,66,0,25,0,0,0,0,0,0,0,2,86,,,,
1444145846.07449,pg_catalog,pgxc_node,318,947,1386,1380,2,1,0,1,2,1,6,1702,10,1970,,,,
1444145846.07449,pg_toast,pg_toast_13088,0,0,0,0,0,0,0,0,0,0,0,0,0,0,,,,
1444145846.07449,pg_catalog,pg_collation,0,0,57,57,0,0,0,0,0,0,2,55,6,165,,,,
1444145846.07449,pg_catalog,pg_range,0,0,21,0,0,0,0,0,0,0,0,0,4,38,,,,
1444145846.07449,pg_toast,pg_toast_2609,0,0,0,0,0,0,0,0,0,0,0,0,0,0,,,,
1444145846.07449,information_schema,sql_languages,0,0,,,0,0,0,0,0,0,0,0,,,0,0,0,0
1444145846.07449,pg_catalog,pg_opclass,6,6,1234,13894,0,0,0,0,0,0,6,5258,8,1643,,,,
1444145846.07449,public,orders,10,0,48,0,15015000,0,0,0,15000,0,0,0,6,102,,,,
1444145846.07449,pg_catalog,pg_rewrite,0,0,157,151,2,0,2,0,0,2,17,146,8,262,12,152,8,328
1444145846.07449,pg_toast,pg_toast_1255,0,0,0,0,0,0,0,0,0,0,0,0,0,0,,,,
1444145846.07449,pg_catalog,pg_seclabel,0,0,8,0,0,0,0,0,0,0,0,0,2,6,0,0,0,0
1444145846.07449,pg_toast,pg_toast_13093,0,0,0,0,0,0,0,0,0,0,0,0,0,0,,,,
1444145846.07449,pg_catalog,pg_ts_parser,0,0,0,0,0,0,0,0,0,0,0,0,0,0,,,,
1444145846.07449,pg_catalog,pg_trigger,0,0,0,0,0,0,0,0,0,0,0,0,0,0,0,0,0,0
1444145846.07449,information_schema,sql_sizing_profiles,0,0,,,0,0,0,0,0,0,0,0,,,0,0,0,0
1444145846.07449,pg_catalog,pg_event_trigger,0,0,50,0,0,0,0,0,0,0,0,0,2,48,,,,
1444145846.07449,public,part,9,0,50,0,2000000,0,0,0,0,0,0,0,10,115,,,,
1444145846.07449,pg_catalog,pg_foreign_table,0,0,0,0,0,0,0,0,0,0,0,0,0,0,,,,
1444145846.07449,public,region,6,0,14,0,5,0,0,0,0,0,0,0,2,19,,,,
1444145846.07449,pg_catalog,pg_shseclabel,0,0,0,0,0,0,0,0,0,0,0,0,0,0,0,0,0,0
1444145846.07449,pg_catalog,pg_extension,0,0,0,0,0,0,0,0,0,0,0,0,0,0,,,,
1444145846.07449,information_schema,sql_parts,0,0,,,0,0,0,0,0,0,0,0,,,0,0,0,0
1444145846.07449,pg_catalog,pg_ts_config,0,0,0,0,0,0,0,0,0,0,0,0,0,0,,,,
1444145846.07449,information_schema,sql_features,0,0,,,0,0,0,0,0,0,0,0,,,0,0,0,0
1444145846.07449,pg_catalog,pg_shdescription,0,0,0,0,0,0,0,0,0,0,0,0,0,0,0,0,0,0
1444145846.07449,pg_catalog,pg_cast,0,0,5558,1582,0,0,0,0,0,0,4,1578,4,5775,,,,
1444145846.07449,pg_catalog,pg_amop,0,0,1622,2665,0,0,0,0,0,0,10,2655,14,3506,,,,
1444145846.07449,pg_toast,pg_toast_13083,0,0,0,0,0,0,0,0,0,0,0,0,0,0,,,,
1444145846.07449,pg_catalog,pg_user_mapping,0,0,0,0,0,0,0,0,0,0,0,0,0,0,,,,
1444145846.07449,pg_catalog,pg_type,0,0,4427,4249,23,0,4,0,19,4,18,4300,12,5110,,,,
1444145846.07449,public,time_statistics,0,0,,,21,19,0,0,21,19,0,0,,,,,,
1444145846.07449,pg_catalog,pg_largeobject,0,0,0,0,0,0,0,0,0,0,0,0,0,0,,,,
1444145846.07449,information_schema,sql_implementation_info,0,0,,,0,0,0,0,0,0,0,0,,,0,0,0,0
1444145846.07449,pg_catalog,pg_ts_config_map,0,0,0,0,0,0,0,0,0,0,0,0,0,0,,,,
1444145846.07449,pg_catalog,pg_largeobject_metadata,0,0,0,0,0,0,0,0,0,0,0,0,0,0,,,,
1444145846.07449,pg_catalog,pg_am,310,310,0,0,0,0,0,0,0,0,2,308,0,0,,,,
1444145846.07449,pg_catalog,pg_ts_template,0,0,0,0,0,0,0,0,0,0,0,0,0,0,,,,
1444145846.07449,pg_catalog,pg_foreign_server,0,0,0,0,0,0,0,0,0,0,0,0,0,0,,,,
1444145846.07449,pg_catalog,pg_namespace,62,434,1117,858,0,0,0,0,0,0,2,918,8,1515,,,,
1444145846.07449,pg_toast,pg_toast_2619,0,0,21,28,13,0,0,0,13,0,10,43,4,46,,,,
1444145846.07449,pg_catalog,pg_authid,24,24,547,547,0,0,0,0,0,0,2,569,8,1086,,,,
1444145846.07449,pg_catalog,pgxc_class,0,0,925,286,9,0,0,0,9,0,2,293,4,1073,,,,
1444145846.07449,pg_catalog,pg_default_acl,0,0,48,0,0,0,0,0,0,0,0,0,2,46,,,,
1444145846.07449,pg_catalog,pg_shdepend,0,0,22,13,0,0,0,0,0,0,2,11,8,30,,,,
1444145846.07449,pg_catalog,pg_constraint,0,0,8,0,8,0,0,0,8,0,5,28,8,64,0,0,0,0
1444145846.07449,pg_catalog,pg_index,121,14836,2380,3349,28,0,0,0,28,0,12,2855,8,2902,,,,
1444145846.07449,pg_toast,pg_toast_13078,0,0,0,0,0,0,0,0,0,0,0,0,0,0,,,,
1444145846.07449,pg_toast,pg_toast_2604,0,0,0,0,0,0,0,0,0,0,0,0,0,0,,,,
1444145846.07449,pg_catalog,pg_ts_dict,0,0,0,0,0,0,0,0,0,0,0,0,0,0,,,,
1444145846.07449,pg_toast,pg_toast_13108,0,0,0,0,0,0,0,0,0,0,0,0,0,0,,,,
1444145846.07449,pg_catalog,pg_proc,0,0,2313,3398,0,0,0,0,0,0,62,2622,40,4967,0,0,0,0
1444145906.09395,pg_catalog,pg_attrdef,0,0,0,0,0,0,0,0,0,0,0,0,0,0,0,0,0,0
1444145906.09395,pg_catalog,pg_db_role_setting,0,0,1332,0,0,0,0,0,0,0,0,0,2,1330,0,0,0,0
1444145906.09395,pg_catalog,pg_tablesample_method,0,0,0,0,0,0,0,0,0,0,0,0,0,0,,,,
1444145906.09395,pg_catalog,pg_description,0,0,8,0,0,0,0,0,0,0,0,0,6,12,0,0,0,0
1444145906.09395,pg_catalog,pg_foreign_data_wrapper,0,0,0,0,0,0,0,0,0,0,0,0,0,0,,,,
1444145906.09395,pg_catalog,pg_conversion,0,0,0,0,0,0,0,0,0,0,0,0,0,0,,,,
1444145906.09395,information_schema,sql_packages,0,0,,,0,0,0,0,0,0,0,0,,,0,0,0,0
1444145906.09395,public,supplier,9,0,84,0,100000,0,0,0,0,0,0,0,6,150,,,,
1444145906.09395,pg_toast,pg_toast_13103,0,0,0,0,0,0,0,0,0,0,0,0,0,0,,,,
1444145906.09395,pg_catalog,pg_class,243,67350,11094,14601,40,2,2,2,38,4,34,13754,18,13096,,,,
1444145906.09395,pg_catalog,pg_opfamily,0,0,0,0,0,0,0,0,0,0,0,0,0,0,,,,
1444145906.09395,pg_catalog,pg_auth_members,0,0,0,0,0,0,0,0,0,0,0,0,0,0,,,,
1444145906.09395,pg_catalog,pg_operator,0,0,1172,4830,0,0,0,0,0,0,30,3469,18,2652,,,,
1444145906.09395,pg_catalog,pg_attribute,33,225,7311,14600,192,10,4,3,188,11,77,8414,25,15758,,,,
1444145906.09395,pg_toast,pg_toast_13098,0,0,0,0,0,0,0,0,0,0,0,0,0,0,,,,
1444145906.09395,pg_catalog,pg_tablespace,2,4,175,175,0,0,0,0,0,0,2,175,6,348,,,,
1444145906.09395,pg_catalog,pgxc_group,0,0,0,0,0,0,0,0,0,0,0,0,0,0,,,,
1444145906.09395,pg_toast,pg_toast_3592,0,0,0,0,0,0,0,0,0,0,0,0,0,0,,,,
1444145906.09395,pg_catalog,pg_statistic,0,0,1155,864,61,0,0,0,61,0,26,943,8,2609,11,44,4,49
1444145906.09395,pg_catalog,pg_aggregate,0,0,80,80,0,0,0,0,0,0,2,78,4,140,,,,
1444145906.09395,pg_catalog,pg_inherits,0,0,2,0,0,0,0,0,0,0,0,0,2,0,,,,
1444145906.09395,pg_catalog,pg_policy,0,0,0,0,0,0,0,0,0,0,0,0,0,0,,,,
1444145906.09395,public,partsupp,5,0,84,0,8000000,0,0,0,0,0,0,0,4,108,,,,
1444145906.09395,pg_catalog,pg_enum,0,0,0,0,0,0,0,0,0,0,0,0,0,0,,,,
1444145906.09395,pg_catalog,pg_replication_origin,0,0,0,0,0,0,0,0,0,0,0,0,0,0,,,,
1444145906.09395,pg_toast,pg_toast_2396,0,0,0,0,0,0,0,0,0,0,0,0,0,0,,,,
1444145906.09395,pg_catalog,pg_pltemplate,0,0,0,0,0,0,0,0,0,0,0,0,0,0,,,,
1444145906.09395,pg_toast,pg_toast_2618,0,0,110,350,0,0,0,0,0,0,12,162,4,174,,,,
1444145906.09395,pg_toast,pg_toast_3596,0,0,0,0,0,0,0,0,0,0,0,0,0,0,,,,
1444145906.09395,public,lineitem,16,0,112,0,60045669,0,0,0,59617,0,0,0,16,440,,,,
1444145906.09395,pg_toast,pg_toast_2606,0,0,0,0,0,0,0,0,0,0,0,0,0,0,,,,
1444145906.09395,information_schema,sql_sizing,0,0,,,0,0,0,0,0,0,0,0,,,0,0,0,0
1444145906.09395,pg_catalog,pg_transform,0,0,0,0,0,0,0,0,0,0,0,0,0,0,,,,
1444145906.09395,pg_toast,pg_toast_2964,0,0,0,0,0,0,0,0,0,0,0,0,0,0,,,,
1444145906.09395,pg_catalog,pg_database,74,284,1202,1200,1,0,0,0,1,0,5,1295,8,1860,,,,
1444145906.09395,pg_toast,pg_toast_2620,0,0,0,0,0,0,0,0,0,0,0,0,0,0,,,,
1444145906.09395,pg_catalog,pg_depend,0,0,421,450,117,0,18,0,99,18,35,622,49,1370,,,,
1444145906.09395,pg_catalog,pg_language,0,0,0,0,0,0,0,0,0,0,0,0,0,0,,,,
1444145906.09395,pg_catalog,pg_amproc,6,12,1015,1619,0,0,0,0,0,0,8,1020,6,2327,,,,
1444145906.09395,public,customer,12,0,56,0,1500000,0,0,0,0,0,0,0,10,136,,,,
1444145906.09395,public,nation,14,0,84,0,25,0,0,0,0,0,0,0,2,108,,,,
1444145906.09395,pg_catalog,pgxc_node,337,1004,1468,1462,2,1,0,1,2,1,6,1803,10,2088,,,,
1444145906.09395,pg_toast,pg_toast_13088,0,0,0,0,0,0,0,0,0,0,0,0,0,0,,,,
1444145906.09395,pg_catalog,pg_collation,0,0,69,69,0,0,0,0,0,0,2,67,6,201,,,,
1444145906.09395,pg_catalog,pg_range,0,0,25,0,0,0,0,0,0,0,0,0,4,46,,,,
1444145906.09395,pg_toast,pg_toast_2609,0,0,0,0,0,0,0,0,0,0,0,0,0,0,,,,
1444145906.09395,information_schema,sql_languages,0,0,,,0,0,0,0,0,0,0,0,,,0,0,0,0
1444145906.09395,pg_catalog,pg_opclass,6,6,1325,14924,0,0,0,0,0,0,6,5665,8,1762,,,,
1444145906.09395,public,orders,10,0,58,0,15015000,0,0,0,15000,0,0,0,6,121,,,,
1444145906.09395,pg_catalog,pg_rewrite,0,0,165,159,2,0,2,0,0,2,17,154,8,276,12,162,8,348
1444145906.09395,pg_toast,pg_toast_1255,0,0,0,0,0,0,0,0,0,0,0,0,0,0,,,,
1444145906.09395,pg_catalog,pg_seclabel,0,0,8,0,0,0,0,0,0,0,0,0,2,6,0,0,0,0
1444145906.09395,pg_toast,pg_toast_13093,0,0,0,0,0,0,0,0,0,0,0,0,0,0,,,,
1444145906.09395,pg_catalog,pg_ts_parser,0,0,0,0,0,0,0,0,0,0,0,0,0,0,,,,
1444145906.09395,pg_catalog,pg_trigger,0,0,0,0,0,0,0,0,0,0,0,0,0,0,0,0,0,0
1444145906.09395,information_schema,sql_sizing_profiles,0,0,,,0,0,0,0,0,0,0,0,,,0,0,0,0
1444145906.09395,pg_catalog,pg_event_trigger,0,0,50,0,0,0,0,0,0,0,0,0,2,48,,,,
1444145906.09395,public,part,9,0,52,0,2000000,0,0,0,0,0,0,0,10,122,,,,
1444145906.09395,pg_catalog,pg_foreign_table,0,0,0,0,0,0,0,0,0,0,0,0,0,0,,,,
1444145906.09395,public,region,6,0,16,0,5,0,0,0,0,0,0,0,2,22,,,,
1444145906.09395,pg_catalog,pg_shseclabel,0,0,0,0,0,0,0,0,0,0,0,0,0,0,0,0,0,0
1444145906.09395,pg_catalog,pg_extension,0,0,0,0,0,0,0,0,0,0,0,0,0,0,,,,
1444145906.09395,information_schema,sql_parts,0,0,,,0,0,0,0,0,0,0,0,,,0,0,0,0
1444145906.09395,pg_catalog,pg_ts_config,0,0,0,0,0,0,0,0,0,0,0,0,0,0,,,,
1444145906.09395,information_schema,sql_features,0,0,,,0,0,0,0,0,0,0,0,,,0,0,0,0
1444145906.09395,pg_catalog,pg_shdescription,0,0,0,0,0,0,0,0,0,0,0,0,0,0,0,0,0,0
1444145906.09395,pg_catalog,pg_cast,0,0,6085,1704,0,0,0,0,0,0,4,1700,4,6320,,,,
1444145906.09395,pg_catalog,pg_amop,0,0,1770,2930,0,0,0,0,0,0,10,2920,14,3824,,,,
1444145906.09395,pg_toast,pg_toast_13083,0,0,0,0,0,0,0,0,0,0,0,0,0,0,,,,
1444145906.09395,pg_catalog,pg_user_mapping,0,0,0,0,0,0,0,0,0,0,0,0,0,0,,,,
1444145906.09395,pg_catalog,pg_type,0,0,4861,4679,23,0,4,0,19,4,18,4730,12,5575,,,,
1444145906.09395,public,time_statistics,0,0,,,25,23,0,0,25,23,0,0,,,,,,
1444145906.09395,pg_catalog,pg_largeobject,0,0,0,0,0,0,0,0,0,0,0,0,0,0,,,,
1444145906.09395,information_schema,sql_implementation_info,0,0,,,0,0,0,0,0,0,0,0,,,0,0,0,0
1444145906.09395,pg_catalog,pg_ts_config_map,0,0,0,0,0,0,0,0,0,0,0,0,0,0,,,,
1444145906.09395,pg_catalog,pg_largeobject_metadata,0,0,0,0,0,0,0,0,0,0,0,0,0,0,,,,
1444145906.09395,pg_catalog,pg_am,331,331,0,0,0,0,0,0,0,0,2,329,0,0,,,,
1444145906.09395,pg_catalog,pg_ts_template,0,0,0,0,0,0,0,0,0,0,0,0,0,0,,,,
1444145906.09395,pg_catalog,pg_foreign_server,0,0,0,0,0,0,0,0,0,0,0,0,0,0,,,,
1444145906.09395,pg_catalog,pg_namespace,65,455,1194,917,0,0,0,0,0,0,2,980,8,1624,,,,
1444145906.09395,pg_toast,pg_toast_2619,0,0,23,32,13,0,0,0,13,0,11,44,4,49,,,,
1444145906.09395,pg_catalog,pg_authid,25,25,581,581,0,0,0,0,0,0,2,604,8,1154,,,,
1444145906.09395,pg_catalog,pgxc_class,0,0,1021,311,9,0,0,0,9,0,2,318,4,1181,,,,
1444145906.09395,pg_catalog,pg_default_acl,0,0,48,0,0,0,0,0,0,0,0,0,2,46,,,,
1444145906.09395,pg_catalog,pg_shdepend,0,0,22,13,0,0,0,0,0,0,2,11,8,30,,,,
1444145906.09395,pg_catalog,pg_constraint,0,0,8,0,8,0,0,0,8,0,5,28,8,64,0,0,0,0
1444145906.09395,pg_catalog,pg_index,126,15616,2532,3570,28,0,0,0,28,0,12,3027,8,3085,,,,
1444145906.09395,pg_toast,pg_toast_13078,0,0,0,0,0,0,0,0,0,0,0,0,0,0,,,,
1444145906.09395,pg_toast,pg_toast_2604,0,0,0,0,0,0,0,0,0,0,0,0,0,0,,,,
1444145906.09395,pg_catalog,pg_ts_dict,0,0,0,0,0,0,0,0,0,0,0,0,0,0,,,,
1444145906.09395,pg_toast,pg_toast_13108,0,0,0,0,0,0,0,0,0,0,0,0,0,0,,,,
1444145906.09395,pg_catalog,pg_proc,0,0,2497,3659,0,0,0,0,0,0,62,2831,40,5371,0,0,0,0
