ctime,schemaname,relname,indexrelname,idx_scan,idx_tup_read,idx_tup_fetch,idx_blks_read,idx_blks_hit
946684800,public,supplier,pk_supplier,0,0,0,275,0
946684800,public,supplier,supplier_s_suppkey_idx_like,0,0,0,1,0
946684800,public,supplier,supplier_s_nationkey_s_suppkey_idx,0,0,0,275,0
946684800,pg_catalog,pg_database,pg_database_oid_index,421,420,420,2,534
946684800,pg_catalog,pg_database,pg_database_datname_index,200,199,199,2,312
946684800,public,part,part_p_size_idx,0,0,0,2742,0
946684800,public,part,part_p_container_p_brand_p_partkey_idx,0,0,0,6068,0
946684800,public,part,part_p_name_idx,0,0,0,6797,0
946684800,public,part,pk_part,0,0,0,2742,0
946684800,public,part,part_p_type_p_partkey_idx,0,0,0,5757,0
946684800,public,partsupp,pk_partsupp,0,0,0,10962,0
946684800,public,partsupp,partsupp_ps_suppkey_idx,0,0,0,10962,0
946684800,public,customer,customer_c_phone_idx_c_acctbal,0,0,0,3741,0
946684800,public,customer,pk_customer,0,0,0,4115,0
946684800,public,customer,customer_c_phone_idx,0,0,0,4115,0
946684800,public,customer,customer_c_mktsegment_c_custkey_idx,0,0,0,5778,0
946684800,public,customer,customer_c_nationkey_c_custkey_idx,0,0,0,4115,0
946684800,public,orders,orders_o_orderkey_o_orderdate_idx,0,0,0,20557,0
946684800,public,orders,orders_o_orderdate_o_orderkey_idx,0,0,0,20557,0
946684800,public,orders,pk_orders,0,0,0,20557,0
946684800,public,lineitem,lineitem_l_shipdate_l_suppkey__idx,0,0,0,82208,0
946684800,public,lineitem,lineitem_l_orderkey_idx_part1,0,0,0,51982,0
946684800,public,lineitem,lineitem_l_partkey_l_quantity_l_shipmode_idx,0,0,0,148632,0
946684800,public,lineitem,lineitem_l_orderkey_idx,0,0,0,82208,0
946684800,public,lineitem,lineitem_l_orderkey_l_linenumber_l_shipdate_idx,0,0,0,115440,0
946684800,public,lineitem,pk_lineitem,0,0,0,82208,0
946684800,public,lineitem,lineitem_l_orderkey_idx_l_returnflag,0,0,0,20294,0
946684800,public,lineitem,lineitem_l_orderkey_idx_part2,0,0,0,9864,0
946684800,public,nation,pk_nation,0,0,0,1,0
946684800,public,region,pk_region,0,0,0,1,0
946684800,pg_catalog,pg_statistic,pg_statistic_relid_att_inh_index,604,350,289,4,1414
946684800,pg_catalog,pg_type,pg_type_typname_nsp_index,37,15,15,4,114
946684800,pg_catalog,pg_type,pg_type_oid_index,1737,1718,1718,2,1839
946684800,pg_toast,pg_toast_2604,pg_toast_2604_index,0,0,0,0,0
946684800,pg_toast,pg_toast_2606,pg_toast_2606_index,0,0,0,0,0
946684800,pg_toast,pg_toast_2609,pg_toast_2609_index,0,0,0,0,0
946684800,pg_toast,pg_toast_1255,pg_toast_1255_index,0,0,0,0,0
946684800,pg_toast,pg_toast_2618,pg_toast_2618_index,70,224,224,2,110
946684800,pg_toast,pg_toast_3596,pg_toast_3596_index,0,0,0,0,0
946684800,pg_toast,pg_toast_2619,pg_toast_2619_index,24,30,30,2,43
946684800,pg_toast,pg_toast_2620,pg_toast_2620_index,0,0,0,0,0
946684800,pg_toast,pg_toast_2396,pg_toast_2396_index,0,0,0,0,0
946684800,pg_toast,pg_toast_2964,pg_toast_2964_index,0,0,0,0,0
946684800,pg_toast,pg_toast_3592,pg_toast_3592_index,0,0,0,0,0
946684800,pg_catalog,pg_authid,pg_authid_oid_index,86,86,86,2,170
946684800,pg_catalog,pg_authid,pg_authid_rolname_index,85,85,85,2,168
946684800,pg_catalog,pg_user_mapping,pg_user_mapping_user_server_index,0,0,0,0,0
946684800,pg_catalog,pg_user_mapping,pg_user_mapping_oid_index,0,0,0,0,0
946684800,pg_catalog,pg_attribute,pg_attribute_relid_attnum_index,3562,7619,7519,14,7608
946684800,pg_catalog,pg_attribute,pg_attribute_relid_attnam_index,40,45,40,4,480
946684800,pg_catalog,pg_proc,pg_proc_proname_args_nsp_index,145,641,641,6,357
946684800,pg_catalog,pg_proc,pg_proc_oid_index,979,979,979,9,2026
946684800,pg_catalog,pg_class,pg_class_tblspc_relfilenode_index,0,0,0,2,90
946684800,pg_catalog,pg_class,pg_class_relname_nsp_index,505,266,266,5,1165
946684800,pg_catalog,pg_class,pg_class_oid_index,5487,9621,7624,4,5625
946684800,pg_catalog,pg_attrdef,pg_attrdef_oid_index,0,0,0,0,0
946684800,pg_catalog,pg_attrdef,pg_attrdef_adrelid_adnum_index,0,0,0,0,0
946684800,pg_catalog,pg_constraint,pg_constraint_oid_index,8,0,0,2,21
946684800,pg_catalog,pg_constraint,pg_constraint_contypid_index,0,0,0,2,13
946684800,pg_catalog,pg_constraint,pg_constraint_conrelid_index,0,0,0,2,13
946684800,pg_catalog,pg_constraint,pg_constraint_conname_nsp_index,0,0,0,2,13
946684800,pg_catalog,pg_inherits,pg_inherits_parent_index,0,0,0,0,0
946684800,pg_catalog,pg_inherits,pg_inherits_relid_seqno_index,0,0,0,0,0
946684800,pg_catalog,pg_index,pg_index_indexrelid_index,612,612,612,4,740
946684800,pg_catalog,pg_index,pg_index_indrelid_index,281,586,579,2,390
946684800,pg_catalog,pg_operator,pg_operator_oprname_l_r_n_index,60,116,116,4,166
946684800,pg_catalog,pg_operator,pg_operator_oid_index,487,328,328,3,1035
946684800,pg_catalog,pg_opfamily,pg_opfamily_oid_index,0,0,0,0,0
946684800,pg_catalog,pg_opfamily,pg_opfamily_am_name_nsp_index,0,0,0,0,0
946684800,pg_catalog,pg_opclass,pg_opclass_oid_index,281,281,281,4,381
946684800,pg_catalog,pg_opclass,pg_opclass_am_name_nsp_index,124,5386,5386,2,177
946684800,pg_catalog,pg_am,pg_am_oid_index,0,0,0,0,0
946684800,pg_catalog,pg_am,pg_am_name_index,0,0,0,0,0
946684800,pg_catalog,pg_amop,pg_amop_oid_index,0,0,0,0,0
946684800,pg_catalog,pg_amop,pg_amop_opr_fam_index,206,531,531,4,470
946684800,pg_catalog,pg_amop,pg_amop_fam_strat_index,393,393,393,3,845
946684800,pg_catalog,pg_amproc,pg_amproc_oid_index,0,0,0,0,0
946684800,pg_catalog,pg_amproc,pg_amproc_fam_proc_index,342,517,517,6,782
946684800,pg_catalog,pg_language,pg_language_oid_index,0,0,0,0,0
946684800,pg_catalog,pg_language,pg_language_name_index,0,0,0,0,0
946684800,pg_catalog,pg_largeobject_metadata,pg_largeobject_metadata_oid_index,0,0,0,0,0
946684800,pg_catalog,pg_largeobject,pg_largeobject_loid_pn_index,0,0,0,0,0
946684800,pg_catalog,pg_aggregate,pg_aggregate_fnoid_index,14,14,14,2,26
946684800,pg_catalog,pg_rewrite,pg_rewrite_rel_rulename_index,98,98,98,2,166
946684800,pg_catalog,pg_rewrite,pg_rewrite_oid_index,0,0,0,0,0
946684800,pg_catalog,pg_trigger,pg_trigger_oid_index,0,0,0,0,0
946684800,pg_catalog,pg_trigger,pg_trigger_tgrelid_tgname_index,0,0,0,0,0
946684800,pg_catalog,pg_trigger,pg_trigger_tgconstraint_index,0,0,0,0,0
946684800,pg_catalog,pg_event_trigger,pg_event_trigger_oid_index,0,0,0,0,0
946684800,pg_catalog,pg_event_trigger,pg_event_trigger_evtname_index,12,0,0,1,11
946684800,pg_catalog,pg_description,pg_description_o_c_o_index,0,0,0,0,0
946684800,pg_catalog,pg_cast,pg_cast_source_target_index,1604,522,522,2,1685
946684800,pg_catalog,pg_cast,pg_cast_oid_index,0,0,0,0,0
946684800,pg_catalog,pg_enum,pg_enum_typid_sortorder_index,0,0,0,0,0
946684800,pg_catalog,pg_enum,pg_enum_typid_label_index,0,0,0,0,0
946684800,pg_catalog,pg_enum,pg_enum_oid_index,0,0,0,0,0
946684800,pg_catalog,pg_namespace,pg_namespace_oid_index,714,714,714,2,754
946684800,pg_catalog,pg_namespace,pg_namespace_nspname_index,238,156,156,2,320
946684800,pg_catalog,pg_conversion,pg_conversion_oid_index,0,0,0,0,0
946684800,pg_catalog,pg_conversion,pg_conversion_name_nsp_index,0,0,0,0,0
946684800,pg_catalog,pg_conversion,pg_conversion_default_index,0,0,0,0,0
946684800,pg_catalog,pg_depend,pg_depend_reference_index,322,297,294,14,824
946684800,pg_catalog,pg_depend,pg_depend_depender_index,0,0,0,6,190
946684800,pg_catalog,pg_db_role_setting,pg_db_role_setting_databaseid_rol_index,456,0,0,1,455
946684800,pg_catalog,pg_tablespace,pg_tablespace_spcname_index,0,0,0,0,0
946684800,pg_catalog,pg_tablespace,pg_tablespace_oid_index,75,75,75,2,148
946684800,pg_catalog,pg_pltemplate,pg_pltemplate_name_index,0,0,0,0,0
946684800,pg_catalog,pg_auth_members,pg_auth_members_member_role_index,0,0,0,0,0
946684800,pg_catalog,pg_auth_members,pg_auth_members_role_member_index,0,0,0,0,0
946684800,pg_catalog,pg_shdepend,pg_shdepend_reference_index,11,11,11,2,11
946684800,pg_catalog,pg_shdepend,pg_shdepend_depender_index,1,0,0,2,0
946684800,pg_catalog,pg_shdescription,pg_shdescription_o_c_index,0,0,0,0,0
946684800,pg_catalog,pg_ts_config,pg_ts_config_oid_index,0,0,0,0,0
946684800,pg_catalog,pg_ts_config,pg_ts_config_cfgname_index,0,0,0,0,0
946684800,pg_catalog,pg_ts_config_map,pg_ts_config_map_index,0,0,0,0,0
946684800,pg_catalog,pg_ts_dict,pg_ts_dict_oid_index,0,0,0,0,0
946684800,pg_catalog,pg_ts_dict,pg_ts_dict_dictname_index,0,0,0,0,0
946684800,pg_catalog,pg_ts_parser,pg_ts_parser_oid_index,0,0,0,0,0
946684800,pg_catalog,pg_ts_parser,pg_ts_parser_prsname_index,0,0,0,0,0
946684800,pg_catalog,pg_ts_template,pg_ts_template_oid_index,0,0,0,0,0
946684800,pg_catalog,pg_ts_template,pg_ts_template_tmplname_index,0,0,0,0,0
946684800,pg_catalog,pg_extension,pg_extension_name_index,0,0,0,0,0
946684800,pg_catalog,pg_extension,pg_extension_oid_index,0,0,0,0,0
946684800,pg_catalog,pg_foreign_data_wrapper,pg_foreign_data_wrapper_name_index,0,0,0,0,0
946684800,pg_catalog,pg_foreign_data_wrapper,pg_foreign_data_wrapper_oid_index,0,0,0,0,0
946684800,pg_catalog,pg_foreign_server,pg_foreign_server_name_index,0,0,0,0,0
946684800,pg_catalog,pg_foreign_server,pg_foreign_server_oid_index,0,0,0,0,0
946684800,pg_catalog,pgxc_class,pgxc_class_pcrelid_index,0,0,0,0,0
946684800,pg_catalog,pgxc_node,pgxc_node_id_index,2,0,0,2,3
946684800,pg_catalog,pgxc_node,pgxc_node_name_index,102,100,100,2,187
946684800,pg_catalog,pgxc_node,pgxc_node_oid_index,173,171,171,2,258
946684800,pg_catalog,pgxc_group,pgxc_group_oid,0,0,0,0,0
946684800,pg_catalog,pgxc_group,pgxc_group_name_index,0,0,0,0,0
946684800,pg_catalog,pg_foreign_table,pg_foreign_table_relid_index,0,0,0,0,0
946684800,pg_catalog,pg_policy,pg_policy_polrelid_polname_index,0,0,0,0,0
946684800,pg_catalog,pg_policy,pg_policy_oid_index,0,0,0,0,0
946684800,pg_catalog,pg_replication_origin,pg_replication_origin_roname_index,0,0,0,0,0
946684800,pg_catalog,pg_replication_origin,pg_replication_origin_roiident_index,0,0,0,0,0
946684800,pg_catalog,pg_tablesample_method,pg_tablesample_method_oid_index,0,0,0,0,0
946684800,pg_catalog,pg_tablesample_method,pg_tablesample_method_name_index,0,0,0,0,0
946684800,pg_catalog,pg_default_acl,pg_default_acl_oid_index,0,0,0,0,0
946684800,pg_catalog,pg_default_acl,pg_default_acl_role_nsp_obj_index,6,0,0,1,5
946684800,pg_catalog,pg_seclabel,pg_seclabel_object_index,0,0,0,0,0
946684800,pg_catalog,pg_shseclabel,pg_shseclabel_object_index,0,0,0,0,0
946684800,pg_catalog,pg_collation,pg_collation_oid_index,0,0,0,0,0
946684800,pg_catalog,pg_collation,pg_collation_name_enc_nsp_index,1,1,1,3,0
946684800,pg_catalog,pg_range,pg_range_rngtypid_index,0,0,0,0,0
946684800,pg_catalog,pg_transform,pg_transform_type_lang_index,0,0,0,0,0
946684800,pg_catalog,pg_transform,pg_transform_oid_index,0,0,0,0,0
946684800,pg_toast,pg_toast_13078,pg_toast_13078_index,0,0,0,0,0
946684800,pg_toast,pg_toast_13083,pg_toast_13083_index,0,0,0,0,0
946684800,pg_toast,pg_toast_13088,pg_toast_13088_index,0,0,0,0,0
946684800,pg_toast,pg_toast_13093,pg_toast_13093_index,0,0,0,0,0
946684800,pg_toast,pg_toast_13098,pg_toast_13098_index,0,0,0,0,0
946684800,pg_toast,pg_toast_13103,pg_toast_13103_index,0,0,0,0,0
946684800,pg_toast,pg_toast_13108,pg_toast_13108_index,0,0,0,0,0
946684800,public,supplier,pk_supplier,12444,12444,12444,551,24678
946684800,public,supplier,supplier_s_suppkey_idx_like,0,0,0,1,0
946684800,public,supplier,supplier_s_nationkey_s_suppkey_idx,0,0,0,275,0
946684800,pg_catalog,pg_database,pg_database_oid_index,441,440,440,8,560
946684800,pg_catalog,pg_database,pg_database_datname_index,221,220,220,8,338
946684800,public,part,part_p_size_idx,0,0,0,2742,0
946684800,public,part,part_p_container_p_brand_p_partkey_idx,0,0,0,6068,0
946684800,public,part,part_p_name_idx,0,0,0,6797,0
946684800,public,part,pk_part,1,999302,999302,5476,0
946684800,public,part,part_p_type_p_partkey_idx,0,0,0,5757,0
946684800,public,partsupp,pk_partsupp,6359,12444,12444,14808,15291
946684800,public,partsupp,partsupp_ps_suppkey_idx,20042,801259,801259,20797,52547
946684800,public,customer,customer_c_phone_idx_c_acctbal,0,0,0,3741,0
946684800,public,customer,pk_customer,0,0,0,4115,0
946684800,public,customer,customer_c_phone_idx,0,0,0,4115,0
946684800,public,customer,customer_c_mktsegment_c_custkey_idx,0,0,0,5778,0
946684800,public,customer,customer_c_nationkey_c_custkey_idx,0,0,0,4115,0
946684800,public,orders,orders_o_orderkey_o_orderdate_idx,0,0,0,20622,22583
946684800,public,orders,orders_o_orderdate_o_orderkey_idx,0,0,0,22937,20148
946684800,public,orders,pk_orders,0,0,0,20622,22583
946684800,public,lineitem,lineitem_l_shipdate_l_suppkey__idx,1,375026,0,108144,94586
946684800,public,lineitem,lineitem_l_orderkey_idx_part1,0,0,0,52130,56979
946684800,public,lineitem,lineitem_l_partkey_l_quantity_l_shipmode_idx,0,0,0,176682,91443
946684800,public,lineitem,lineitem_l_orderkey_idx,0,0,0,82439,119691
946684800,public,lineitem,lineitem_l_orderkey_l_linenumber_l_shipdate_idx,0,0,0,115764,119778
946684800,public,lineitem,pk_lineitem,0,0,0,82439,119691
946684800,public,lineitem,lineitem_l_orderkey_idx_l_returnflag,0,0,0,20357,22336
946684800,public,lineitem,lineitem_l_orderkey_idx_part2,0,0,0,9898,10872
946684800,public,nation,pk_nation,12444,12444,12444,3,12443
946684800,public,region,pk_region,0,0,0,1,0
946684800,pg_catalog,pg_statistic,pg_statistic_relid_att_inh_index,629,366,305,10,1464
946684800,pg_catalog,pg_type,pg_type_typname_nsp_index,61,39,39,11,158
946684800,pg_catalog,pg_type,pg_type_oid_index,1865,1846,1846,6,1972
946684800,pg_toast,pg_toast_2604,pg_toast_2604_index,0,0,0,0,0
946684800,pg_toast,pg_toast_2606,pg_toast_2606_index,0,0,0,0,0
946684800,pg_toast,pg_toast_2609,pg_toast_2609_index,0,0,0,0,0
946684800,pg_toast,pg_toast_1255,pg_toast_1255_index,0,0,0,0,0
946684800,pg_toast,pg_toast_2618,pg_toast_2618_index,76,242,242,6,116
946684800,pg_toast,pg_toast_3596,pg_toast_3596_index,0,0,0,0,0
946684800,pg_toast,pg_toast_2619,pg_toast_2619_index,24,30,30,2,43
946684800,pg_toast,pg_toast_2620,pg_toast_2620_index,0,0,0,0,0
946684800,pg_toast,pg_toast_2396,pg_toast_2396_index,0,0,0,0,0
946684800,pg_toast,pg_toast_2964,pg_toast_2964_index,0,0,0,0,0
946684800,pg_toast,pg_toast_3592,pg_toast_3592_index,0,0,0,0,0
946684800,pg_catalog,pg_authid,pg_authid_oid_index,96,96,96,6,186
946684800,pg_catalog,pg_authid,pg_authid_rolname_index,95,95,95,6,184
946684800,pg_catalog,pg_user_mapping,pg_user_mapping_user_server_index,0,0,0,0,0
946684800,pg_catalog,pg_user_mapping,pg_user_mapping_oid_index,0,0,0,0,0
946684800,pg_catalog,pg_attribute,pg_attribute_relid_attnum_index,3819,8140,8037,25,8122
946684800,pg_catalog,pg_attribute,pg_attribute_relid_attnam_index,40,45,40,4,480
946684800,pg_catalog,pg_proc,pg_proc_proname_args_nsp_index,180,718,718,21,421
946684800,pg_catalog,pg_proc,pg_proc_oid_index,1063,1063,1063,31,2181
946684800,pg_catalog,pg_class,pg_class_tblspc_relfilenode_index,0,0,0,3,92
946684800,pg_catalog,pg_class,pg_class_relname_nsp_index,557,309,309,14,1269
946684800,pg_catalog,pg_class,pg_class_oid_index,5936,10368,8277,8,6078
946684800,pg_catalog,pg_attrdef,pg_attrdef_oid_index,0,0,0,0,0
946684800,pg_catalog,pg_attrdef,pg_attrdef_adrelid_adnum_index,0,0,0,0,0
946684800,pg_catalog,pg_constraint,pg_constraint_oid_index,8,0,0,2,21
946684800,pg_catalog,pg_constraint,pg_constraint_contypid_index,0,0,0,2,13
946684800,pg_catalog,pg_constraint,pg_constraint_conrelid_index,0,0,0,2,13
946684800,pg_catalog,pg_constraint,pg_constraint_conname_nsp_index,0,0,0,2,13
946684800,pg_catalog,pg_inherits,pg_inherits_parent_index,0,0,0,0,0
946684800,pg_catalog,pg_inherits,pg_inherits_relid_seqno_index,0,0,0,0,0
946684800,pg_catalog,pg_index,pg_index_indexrelid_index,663,663,663,8,795
946684800,pg_catalog,pg_index,pg_index_indrelid_index,299,628,621,6,411
946684800,pg_catalog,pg_operator,pg_operator_oprname_l_r_n_index,83,139,139,13,209
946684800,pg_catalog,pg_operator,pg_operator_oid_index,506,347,347,12,1072
946684800,pg_catalog,pg_opfamily,pg_opfamily_oid_index,0,0,0,0,0
946684800,pg_catalog,pg_opfamily,pg_opfamily_am_name_nsp_index,0,0,0,0,0
946684800,pg_catalog,pg_opclass,pg_opclass_oid_index,303,303,303,9,406
946684800,pg_catalog,pg_opclass,pg_opclass_am_name_nsp_index,128,5557,5557,4,182
946684800,pg_catalog,pg_am,pg_am_oid_index,0,0,0,0,0
946684800,pg_catalog,pg_am,pg_am_name_index,0,0,0,0,0
946684800,pg_catalog,pg_amop,pg_amop_oid_index,0,0,0,0,0
946684800,pg_catalog,pg_amop,pg_amop_opr_fam_index,228,581,581,15,511
946684800,pg_catalog,pg_amop,pg_amop_fam_strat_index,418,418,418,9,894
946684800,pg_catalog,pg_amproc,pg_amproc_oid_index,0,0,0,0,0
946684800,pg_catalog,pg_amproc,pg_amproc_fam_proc_index,374,565,565,12,848
946684800,pg_catalog,pg_language,pg_language_oid_index,0,0,0,0,0
946684800,pg_catalog,pg_language,pg_language_name_index,0,0,0,0,0
946684800,pg_catalog,pg_largeobject_metadata,pg_largeobject_metadata_oid_index,0,0,0,0,0
946684800,pg_catalog,pg_largeobject,pg_largeobject_loid_pn_index,0,0,0,0,0
946684800,pg_catalog,pg_aggregate,pg_aggregate_fnoid_index,19,19,19,9,28
946684800,pg_catalog,pg_rewrite,pg_rewrite_rel_rulename_index,106,106,106,6,176
946684800,pg_catalog,pg_rewrite,pg_rewrite_oid_index,0,0,0,0,0
946684800,pg_catalog,pg_trigger,pg_trigger_oid_index,0,0,0,0,0
946684800,pg_catalog,pg_trigger,pg_trigger_tgrelid_tgname_index,0,0,0,0,0
946684800,pg_catalog,pg_trigger,pg_trigger_tgconstraint_index,0,0,0,0,0
946684800,pg_catalog,pg_event_trigger,pg_event_trigger_oid_index,0,0,0,0,0
946684800,pg_catalog,pg_event_trigger,pg_event_trigger_evtname_index,12,0,0,1,11
946684800,pg_catalog,pg_description,pg_description_o_c_o_index,0,0,0,0,0
946684800,pg_catalog,pg_cast,pg_cast_source_target_index,1680,555,555,6,1763
946684800,pg_catalog,pg_cast,pg_cast_oid_index,0,0,0,0,0
946684800,pg_catalog,pg_enum,pg_enum_typid_sortorder_index,0,0,0,0,0
946684800,pg_catalog,pg_enum,pg_enum_typid_label_index,0,0,0,0,0
946684800,pg_catalog,pg_enum,pg_enum_oid_index,0,0,0,0,0
946684800,pg_catalog,pg_namespace,pg_namespace_oid_index,720,720,720,7,760
946684800,pg_catalog,pg_namespace,pg_namespace_nspname_index,265,174,174,4,354
946684800,pg_catalog,pg_conversion,pg_conversion_oid_index,0,0,0,0,0
946684800,pg_catalog,pg_conversion,pg_conversion_name_nsp_index,0,0,0,0,0
946684800,pg_catalog,pg_conversion,pg_conversion_default_index,0,0,0,0,0
946684800,pg_catalog,pg_depend,pg_depend_reference_index,324,324,321,17,826
946684800,pg_catalog,pg_depend,pg_depend_depender_index,0,0,0,6,190
946684800,pg_catalog,pg_db_role_setting,pg_db_role_setting_databaseid_rol_index,504,0,0,4,500
946684800,pg_catalog,pg_tablespace,pg_tablespace_spcname_index,0,0,0,0,0
946684800,pg_catalog,pg_tablespace,pg_tablespace_oid_index,80,80,80,4,156
946684800,pg_catalog,pg_pltemplate,pg_pltemplate_name_index,0,0,0,0,0
946684800,pg_catalog,pg_auth_members,pg_auth_members_member_role_index,0,0,0,0,0
946684800,pg_catalog,pg_auth_members,pg_auth_members_role_member_index,0,0,0,0,0
946684800,pg_catalog,pg_shdepend,pg_shdepend_reference_index,11,11,11,2,11
946684800,pg_catalog,pg_shdepend,pg_shdepend_depender_index,1,0,0,2,0
946684800,pg_catalog,pg_shdescription,pg_shdescription_o_c_index,0,0,0,0,0
946684800,pg_catalog,pg_ts_config,pg_ts_config_oid_index,0,0,0,0,0
946684800,pg_catalog,pg_ts_config,pg_ts_config_cfgname_index,0,0,0,0,0
946684800,pg_catalog,pg_ts_config_map,pg_ts_config_map_index,0,0,0,0,0
946684800,pg_catalog,pg_ts_dict,pg_ts_dict_oid_index,0,0,0,0,0
946684800,pg_catalog,pg_ts_dict,pg_ts_dict_dictname_index,0,0,0,0,0
946684800,pg_catalog,pg_ts_parser,pg_ts_parser_oid_index,0,0,0,0,0
946684800,pg_catalog,pg_ts_parser,pg_ts_parser_prsname_index,0,0,0,0,0
946684800,pg_catalog,pg_ts_template,pg_ts_template_oid_index,0,0,0,0,0
946684800,pg_catalog,pg_ts_template,pg_ts_template_tmplname_index,0,0,0,0,0
946684800,pg_catalog,pg_extension,pg_extension_name_index,0,0,0,0,0
946684800,pg_catalog,pg_extension,pg_extension_oid_index,0,0,0,0,0
946684800,pg_catalog,pg_foreign_data_wrapper,pg_foreign_data_wrapper_name_index,0,0,0,0,0
946684800,pg_catalog,pg_foreign_data_wrapper,pg_foreign_data_wrapper_oid_index,0,0,0,0,0
946684800,pg_catalog,pg_foreign_server,pg_foreign_server_name_index,0,0,0,0,0
946684800,pg_catalog,pg_foreign_server,pg_foreign_server_oid_index,0,0,0,0,0
946684800,pg_catalog,pgxc_class,pgxc_class_pcrelid_index,0,0,0,0,0
946684800,pg_catalog,pgxc_node,pgxc_node_id_index,2,0,0,2,3
946684800,pg_catalog,pgxc_node,pgxc_node_name_index,114,112,112,4,205
946684800,pg_catalog,pgxc_node,pgxc_node_oid_index,195,193,193,6,287
946684800,pg_catalog,pgxc_group,pgxc_group_oid,0,0,0,0,0
946684800,pg_catalog,pgxc_group,pgxc_group_name_index,0,0,0,0,0
946684800,pg_catalog,pg_foreign_table,pg_foreign_table_relid_index,0,0,0,0,0
946684800,pg_catalog,pg_policy,pg_policy_polrelid_polname_index,0,0,0,0,0
946684800,pg_catalog,pg_policy,pg_policy_oid_index,0,0,0,0,0
946684800,pg_catalog,pg_replication_origin,pg_replication_origin_roname_index,0,0,0,0,0
946684800,pg_catalog,pg_replication_origin,pg_replication_origin_roiident_index,0,0,0,0,0
946684800,pg_catalog,pg_tablesample_method,pg_tablesample_method_oid_index,0,0,0,0,0
946684800,pg_catalog,pg_tablesample_method,pg_tablesample_method_name_index,0,0,0,0,0
946684800,pg_catalog,pg_default_acl,pg_default_acl_oid_index,0,0,0,0,0
946684800,pg_catalog,pg_default_acl,pg_default_acl_role_nsp_obj_index,6,0,0,1,5
946684800,pg_catalog,pg_seclabel,pg_seclabel_object_index,0,0,0,0,0
946684800,pg_catalog,pg_shseclabel,pg_shseclabel_object_index,0,0,0,0,0
946684800,pg_catalog,pg_collation,pg_collation_oid_index,3,3,3,9,0
946684800,pg_catalog,pg_collation,pg_collation_name_enc_nsp_index,4,4,4,9,3
946684800,pg_catalog,pg_range,pg_range_rngtypid_index,0,0,0,0,0
946684800,pg_catalog,pg_transform,pg_transform_type_lang_index,0,0,0,0,0
946684800,pg_catalog,pg_transform,pg_transform_oid_index,0,0,0,0,0
946684800,pg_toast,pg_toast_13078,pg_toast_13078_index,0,0,0,0,0
946684800,pg_toast,pg_toast_13083,pg_toast_13083_index,0,0,0,0,0
946684800,pg_toast,pg_toast_13088,pg_toast_13088_index,0,0,0,0,0
946684800,pg_toast,pg_toast_13093,pg_toast_13093_index,0,0,0,0,0
946684800,pg_toast,pg_toast_13098,pg_toast_13098_index,0,0,0,0,0
946684800,pg_toast,pg_toast_13103,pg_toast_13103_index,0,0,0,0,0
946684800,pg_toast,pg_toast_13108,pg_toast_13108_index,0,0,0,0,0
946684800,public,supplier,pk_supplier,12444,12444,12444,551,24678
946684800,public,supplier,supplier_s_suppkey_idx_like,0,0,0,1,0
946684800,public,supplier,supplier_s_nationkey_s_suppkey_idx,1,3981,0,289,0
946684800,pg_catalog,pg_database,pg_database_oid_index,460,459,459,12,584
946684800,pg_catalog,pg_database,pg_database_datname_index,237,236,236,12,359
946684800,public,part,part_p_size_idx,0,0,0,2742,0
946684800,public,part,part_p_container_p_brand_p_partkey_idx,0,0,0,6068,0
946684800,public,part,part_p_name_idx,0,0,0,6797,0
946684800,public,part,pk_part,1,999302,999302,5476,0
946684800,public,part,part_p_type_p_partkey_idx,0,0,0,5757,0
946684800,public,partsupp,pk_partsupp,14372,44494,44494,19944,34340
946684800,public,partsupp,partsupp_ps_suppkey_idx,20042,801259,801259,20797,52547
946684800,public,customer,customer_c_phone_idx_c_acctbal,0,0,0,3741,0
946684800,public,customer,pk_customer,0,0,0,4115,0
946684800,public,customer,customer_c_phone_idx,0,0,0,4115,0
946684800,public,customer,customer_c_mktsegment_c_custkey_idx,0,0,0,5778,0
946684800,public,customer,customer_c_nationkey_c_custkey_idx,0,0,0,4115,0
946684800,public,orders,orders_o_orderkey_o_orderdate_idx,256845,256845,256845,23938,791196
946684800,public,orders,orders_o_orderdate_o_orderkey_idx,0,0,0,22937,20148
946684800,public,orders,pk_orders,0,0,0,20622,22583
946684800,public,lineitem,lineitem_l_shipdate_l_suppkey__idx,1,375026,0,108144,94586
946684800,public,lineitem,lineitem_l_orderkey_idx_part1,0,0,0,52130,56979
946684800,public,lineitem,lineitem_l_partkey_l_quantity_l_shipmode_idx,64305,963200,963200,193518,336973
946684800,public,lineitem,lineitem_l_orderkey_idx,0,0,0,82439,119691
946684800,public,lineitem,lineitem_l_orderkey_l_linenumber_l_shipdate_idx,0,0,0,115764,119778
946684800,public,lineitem,pk_lineitem,0,0,0,82439,119691
946684800,public,lineitem,lineitem_l_orderkey_idx_l_returnflag,0,0,0,20357,22336
946684800,public,lineitem,lineitem_l_orderkey_idx_part2,0,0,0,9898,10872
946684800,public,nation,pk_nation,12444,12444,12444,3,12443
946684800,public,region,pk_region,0,0,0,1,0
946684800,pg_catalog,pg_statistic,pg_statistic_relid_att_inh_index,650,382,321,10,1510
946684800,pg_catalog,pg_type,pg_type_typname_nsp_index,97,75,75,19,226
946684800,pg_catalog,pg_type,pg_type_oid_index,1973,1954,1954,9,2085
946684800,pg_toast,pg_toast_2604,pg_toast_2604_index,0,0,0,0,0
946684800,pg_toast,pg_toast_2606,pg_toast_2606_index,0,0,0,0,0
946684800,pg_toast,pg_toast_2609,pg_toast_2609_index,0,0,0,0,0
946684800,pg_toast,pg_toast_1255,pg_toast_1255_index,0,0,0,0,0
946684800,pg_toast,pg_toast_2618,pg_toast_2618_index,80,256,256,6,122
946684800,pg_toast,pg_toast_3596,pg_toast_3596_index,0,0,0,0,0
946684800,pg_toast,pg_toast_2619,pg_toast_2619_index,24,30,30,2,43
946684800,pg_toast,pg_toast_2620,pg_toast_2620_index,0,0,0,0,0
946684800,pg_toast,pg_toast_2396,pg_toast_2396_index,0,0,0,0,0
946684800,pg_toast,pg_toast_2964,pg_toast_2964_index,0,0,0,0,0
946684800,pg_toast,pg_toast_3592,pg_toast_3592_index,0,0,0,0,0
946684800,pg_catalog,pg_authid,pg_authid_oid_index,103,103,103,8,198
946684800,pg_catalog,pg_authid,pg_authid_rolname_index,102,102,102,8,196
946684800,pg_catalog,pg_user_mapping,pg_user_mapping_user_server_index,0,0,0,0,0
946684800,pg_catalog,pg_user_mapping,pg_user_mapping_oid_index,0,0,0,0,0
946684800,pg_catalog,pg_attribute,pg_attribute_relid_attnum_index,4021,8533,8430,38,8522
946684800,pg_catalog,pg_attribute,pg_attribute_relid_attnam_index,40,45,40,4,480
946684800,pg_catalog,pg_proc,pg_proc_proname_args_nsp_index,220,786,786,34,496
946684800,pg_catalog,pg_proc,pg_proc_oid_index,1144,1144,1144,37,2344
946684800,pg_catalog,pg_class,pg_class_tblspc_relfilenode_index,0,0,0,4,94
946684800,pg_catalog,pg_class,pg_class_relname_nsp_index,598,343,343,21,1352
946684800,pg_catalog,pg_class,pg_class_oid_index,6333,11063,8878,14,6478
946684800,pg_catalog,pg_attrdef,pg_attrdef_oid_index,0,0,0,0,0
946684800,pg_catalog,pg_attrdef,pg_attrdef_adrelid_adnum_index,0,0,0,0,0
946684800,pg_catalog,pg_constraint,pg_constraint_oid_index,8,0,0,2,21
946684800,pg_catalog,pg_constraint,pg_constraint_contypid_index,0,0,0,2,13
946684800,pg_catalog,pg_constraint,pg_constraint_conrelid_index,0,0,0,2,13
946684800,pg_catalog,pg_constraint,pg_constraint_conname_nsp_index,0,0,0,2,13
946684800,pg_catalog,pg_inherits,pg_inherits_parent_index,0,0,0,0,0
946684800,pg_catalog,pg_inherits,pg_inherits_relid_seqno_index,0,0,0,0,0
946684800,pg_catalog,pg_index,pg_index_indexrelid_index,693,693,693,14,828
946684800,pg_catalog,pg_index,pg_index_indrelid_index,309,649,642,6,425
946684800,pg_catalog,pg_operator,pg_operator_oprname_l_r_n_index,111,167,167,21,264
946684800,pg_catalog,pg_operator,pg_operator_oid_index,530,371,371,13,1125
946684800,pg_catalog,pg_opfamily,pg_opfamily_oid_index,0,0,0,0,0
946684800,pg_catalog,pg_opfamily,pg_opfamily_am_name_nsp_index,0,0,0,0,0
946684800,pg_catalog,pg_opclass,pg_opclass_oid_index,325,325,325,15,431
946684800,pg_catalog,pg_opclass,pg_opclass_am_name_nsp_index,132,5728,5728,6,187
946684800,pg_catalog,pg_am,pg_am_oid_index,0,0,0,0,0
946684800,pg_catalog,pg_am,pg_am_name_index,0,0,0,0,0
946684800,pg_catalog,pg_amop,pg_amop_oid_index,0,0,0,0,0
946684800,pg_catalog,pg_amop,pg_amop_opr_fam_index,245,621,621,18,548
946684800,pg_catalog,pg_amop,pg_amop_fam_strat_index,435,435,435,9,931
946684800,pg_catalog,pg_amproc,pg_amproc_oid_index,0,0,0,0,0
946684800,pg_catalog,pg_amproc,pg_amproc_fam_proc_index,405,611,611,23,908
946684800,pg_catalog,pg_language,pg_language_oid_index,0,0,0,0,0
946684800,pg_catalog,pg_language,pg_language_name_index,0,0,0,0,0
946684800,pg_catalog,pg_largeobject_metadata,pg_largeobject_metadata_oid_index,0,0,0,0,0
946684800,pg_catalog,pg_largeobject,pg_largeobject_loid_pn_index,0,0,0,0,0
946684800,pg_catalog,pg_aggregate,pg_aggregate_fnoid_index,23,23,23,11,34
946684800,pg_catalog,pg_rewrite,pg_rewrite_rel_rulename_index,112,112,112,6,186
946684800,pg_catalog,pg_rewrite,pg_rewrite_oid_index,0,0,0,0,0
946684800,pg_catalog,pg_trigger,pg_trigger_oid_index,0,0,0,0,0
946684800,pg_catalog,pg_trigger,pg_trigger_tgrelid_tgname_index,0,0,0,0,0
946684800,pg_catalog,pg_trigger,pg_trigger_tgconstraint_index,0,0,0,0,0
946684800,pg_catalog,pg_event_trigger,pg_event_trigger_oid_index,0,0,0,0,0
946684800,pg_catalog,pg_event_trigger,pg_event_trigger_evtname_index,12,0,0,1,11
946684800,pg_catalog,pg_description,pg_description_o_c_o_index,0,0,0,0,0
946684800,pg_catalog,pg_cast,pg_cast_source_target_index,1742,578,578,6,1829
946684800,pg_catalog,pg_cast,pg_cast_oid_index,0,0,0,0,0
946684800,pg_catalog,pg_enum,pg_enum_typid_sortorder_index,0,0,0,0,0
946684800,pg_catalog,pg_enum,pg_enum_typid_label_index,0,0,0,0,0
946684800,pg_catalog,pg_enum,pg_enum_oid_index,0,0,0,0,0
946684800,pg_catalog,pg_namespace,pg_namespace_oid_index,726,726,726,9,769
946684800,pg_catalog,pg_namespace,pg_namespace_nspname_index,289,190,190,8,382
946684800,pg_catalog,pg_conversion,pg_conversion_oid_index,0,0,0,0,0
946684800,pg_catalog,pg_conversion,pg_conversion_name_nsp_index,0,0,0,0,0
946684800,pg_catalog,pg_conversion,pg_conversion_default_index,0,0,0,0,0
946684800,pg_catalog,pg_depend,pg_depend_reference_index,324,324,321,17,826
946684800,pg_catalog,pg_depend,pg_depend_depender_index,0,0,0,6,190
946684800,pg_catalog,pg_db_role_setting,pg_db_role_setting_databaseid_rol_index,540,0,0,6,534
946684800,pg_catalog,pg_tablespace,pg_tablespace_spcname_index,0,0,0,0,0
946684800,pg_catalog,pg_tablespace,pg_tablespace_oid_index,85,85,85,6,164
946684800,pg_catalog,pg_pltemplate,pg_pltemplate_name_index,0,0,0,0,0
946684800,pg_catalog,pg_auth_members,pg_auth_members_member_role_index,0,0,0,0,0
946684800,pg_catalog,pg_auth_members,pg_auth_members_role_member_index,0,0,0,0,0
946684800,pg_catalog,pg_shdepend,pg_shdepend_reference_index,11,11,11,2,11
946684800,pg_catalog,pg_shdepend,pg_shdepend_depender_index,1,0,0,2,0
946684800,pg_catalog,pg_shdescription,pg_shdescription_o_c_index,0,0,0,0,0
946684800,pg_catalog,pg_ts_config,pg_ts_config_oid_index,0,0,0,0,0
946684800,pg_catalog,pg_ts_config,pg_ts_config_cfgname_index,0,0,0,0,0
946684800,pg_catalog,pg_ts_config_map,pg_ts_config_map_index,0,0,0,0,0
946684800,pg_catalog,pg_ts_dict,pg_ts_dict_oid_index,0,0,0,0,0
946684800,pg_catalog,pg_ts_dict,pg_ts_dict_dictname_index,0,0,0,0,0
946684800,pg_catalog,pg_ts_parser,pg_ts_parser_oid_index,0,0,0,0,0
946684800,pg_catalog,pg_ts_parser,pg_ts_parser_prsname_index,0,0,0,0,0
946684800,pg_catalog,pg_ts_template,pg_ts_template_oid_index,0,0,0,0,0
946684800,pg_catalog,pg_ts_template,pg_ts_template_tmplname_index,0,0,0,0,0
946684800,pg_catalog,pg_extension,pg_extension_name_index,0,0,0,0,0
946684800,pg_catalog,pg_extension,pg_extension_oid_index,0,0,0,0,0
946684800,pg_catalog,pg_foreign_data_wrapper,pg_foreign_data_wrapper_name_index,0,0,0,0,0
946684800,pg_catalog,pg_foreign_data_wrapper,pg_foreign_data_wrapper_oid_index,0,0,0,0,0
946684800,pg_catalog,pg_foreign_server,pg_foreign_server_name_index,0,0,0,0,0
946684800,pg_catalog,pg_foreign_server,pg_foreign_server_oid_index,0,0,0,0,0
946684800,pg_catalog,pgxc_class,pgxc_class_pcrelid_index,0,0,0,0,0
946684800,pg_catalog,pgxc_node,pgxc_node_id_index,2,0,0,2,3
946684800,pg_catalog,pgxc_node,pgxc_node_name_index,128,126,126,8,224
946684800,pg_catalog,pgxc_node,pgxc_node_oid_index,209,207,207,8,306
946684800,pg_catalog,pgxc_group,pgxc_group_oid,0,0,0,0,0
946684800,pg_catalog,pgxc_group,pgxc_group_name_index,0,0,0,0,0
946684800,pg_catalog,pg_foreign_table,pg_foreign_table_relid_index,0,0,0,0,0
946684800,pg_catalog,pg_policy,pg_policy_polrelid_polname_index,0,0,0,0,0
946684800,pg_catalog,pg_policy,pg_policy_oid_index,0,0,0,0,0
946684800,pg_catalog,pg_replication_origin,pg_replication_origin_roname_index,0,0,0,0,0
946684800,pg_catalog,pg_replication_origin,pg_replication_origin_roiident_index,0,0,0,0,0
946684800,pg_catalog,pg_tablesample_method,pg_tablesample_method_oid_index,0,0,0,0,0
946684800,pg_catalog,pg_tablesample_method,pg_tablesample_method_name_index,0,0,0,0,0
946684800,pg_catalog,pg_default_acl,pg_default_acl_oid_index,0,0,0,0,0
946684800,pg_catalog,pg_default_acl,pg_default_acl_role_nsp_obj_index,6,0,0,1,5
946684800,pg_catalog,pg_seclabel,pg_seclabel_object_index,0,0,0,0,0
946684800,pg_catalog,pg_shseclabel,pg_shseclabel_object_index,0,0,0,0,0
946684800,pg_catalog,pg_collation,pg_collation_oid_index,6,6,6,12,6
946684800,pg_catalog,pg_collation,pg_collation_name_enc_nsp_index,8,8,8,15,9
946684800,pg_catalog,pg_range,pg_range_rngtypid_index,0,0,0,0,0
946684800,pg_catalog,pg_transform,pg_transform_type_lang_index,0,0,0,0,0
946684800,pg_catalog,pg_transform,pg_transform_oid_index,0,0,0,0,0
946684800,pg_toast,pg_toast_13078,pg_toast_13078_index,0,0,0,0,0
946684800,pg_toast,pg_toast_13083,pg_toast_13083_index,0,0,0,0,0
946684800,pg_toast,pg_toast_13088,pg_toast_13088_index,0,0,0,0,0
946684800,pg_toast,pg_toast_13093,pg_toast_13093_index,0,0,0,0,0
946684800,pg_toast,pg_toast_13098,pg_toast_13098_index,0,0,0,0,0
946684800,pg_toast,pg_toast_13103,pg_toast_13103_index,0,0,0,0,0
946684800,pg_toast,pg_toast_13108,pg_toast_13108_index,0,0,0,0,0
946684800,public,supplier,pk_supplier,12444,12444,12444,551,24678
946684800,public,supplier,supplier_s_suppkey_idx_like,0,0,0,1,0
946684800,public,supplier,supplier_s_nationkey_s_suppkey_idx,1,3981,0,289,0
946684800,pg_catalog,pg_database,pg_database_oid_index,484,483,483,16,617
946684800,pg_catalog,pg_database,pg_database_datname_index,261,260,260,16,392
946684800,public,part,part_p_size_idx,0,0,0,2742,0
946684800,public,part,part_p_container_p_brand_p_partkey_idx,1,1035,1035,6078,0
946684800,public,part,part_p_name_idx,0,0,0,6797,0
946684800,public,part,pk_part,1,999302,999302,5476,0
946684800,public,part,part_p_type_p_partkey_idx,0,0,0,5757,0
946684800,public,partsupp,pk_partsupp,14372,44494,44494,19944,34340
946684800,public,partsupp,partsupp_ps_suppkey_idx,20042,801259,801259,20797,52547
946684800,public,customer,customer_c_phone_idx_c_acctbal,0,0,0,3741,0
946684800,public,customer,pk_customer,0,0,0,4115,0
946684800,public,customer,customer_c_phone_idx,0,0,0,4115,0
946684800,public,customer,customer_c_mktsegment_c_custkey_idx,0,0,0,5778,0
946684800,public,customer,customer_c_nationkey_c_custkey_idx,0,0,0,4115,0
946684800,public,orders,orders_o_orderkey_o_orderdate_idx,256845,256845,256845,23938,791196
946684800,public,orders,orders_o_orderdate_o_orderkey_idx,0,0,0,22937,20148
946684800,public,orders,pk_orders,0,0,0,20622,22583
946684800,public,lineitem,lineitem_l_shipdate_l_suppkey__idx,2,4933637,0,120592,94586
946684800,public,lineitem,lineitem_l_orderkey_idx_part1,0,0,0,52130,56979
946684800,public,lineitem,lineitem_l_partkey_l_quantity_l_shipmode_idx,70353,1026475,966051,196524,358513
946684800,public,lineitem,lineitem_l_orderkey_idx,0,0,0,82439,119691
946684800,public,lineitem,lineitem_l_orderkey_l_linenumber_l_shipdate_idx,0,0,0,115764,119778
946684800,public,lineitem,pk_lineitem,0,0,0,82439,119691
946684800,public,lineitem,lineitem_l_orderkey_idx_l_returnflag,0,0,0,20357,22336
946684800,public,lineitem,lineitem_l_orderkey_idx_part2,0,0,0,9898,10872
946684800,public,nation,pk_nation,12444,12444,12444,3,12443
946684800,public,region,pk_region,0,0,0,1,0
946684800,pg_catalog,pg_statistic,pg_statistic_relid_att_inh_index,678,401,340,16,1567
946684800,pg_catalog,pg_type,pg_type_typname_nsp_index,146,124,124,23,326
946684800,pg_catalog,pg_type,pg_type_oid_index,2144,2125,2125,13,2265
946684800,pg_toast,pg_toast_2604,pg_toast_2604_index,0,0,0,0,0
946684800,pg_toast,pg_toast_2606,pg_toast_2606_index,0,0,0,0,0
946684800,pg_toast,pg_toast_2609,pg_toast_2609_index,0,0,0,0,0
946684800,pg_toast,pg_toast_1255,pg_toast_1255_index,0,0,0,0,0
946684800,pg_toast,pg_toast_2618,pg_toast_2618_index,86,274,274,8,130
946684800,pg_toast,pg_toast_3596,pg_toast_3596_index,0,0,0,0,0
946684800,pg_toast,pg_toast_2619,pg_toast_2619_index,24,30,30,2,43
946684800,pg_toast,pg_toast_2620,pg_toast_2620_index,0,0,0,0,0
946684800,pg_toast,pg_toast_2396,pg_toast_2396_index,0,0,0,0,0
946684800,pg_toast,pg_toast_2964,pg_toast_2964_index,0,0,0,0,0
946684800,pg_toast,pg_toast_3592,pg_toast_3592_index,0,0,0,0,0
946684800,pg_catalog,pg_authid,pg_authid_oid_index,114,114,114,12,216
946684800,pg_catalog,pg_authid,pg_authid_rolname_index,113,113,113,12,214
946684800,pg_catalog,pg_user_mapping,pg_user_mapping_user_server_index,0,0,0,0,0
946684800,pg_catalog,pg_user_mapping,pg_user_mapping_oid_index,0,0,0,0,0
946684800,pg_catalog,pg_attribute,pg_attribute_relid_attnum_index,4274,9094,8990,48,9032
946684800,pg_catalog,pg_attribute,pg_attribute_relid_attnam_index,40,45,40,4,480
946684800,pg_catalog,pg_proc,pg_proc_proname_args_nsp_index,272,887,887,51,596
946684800,pg_catalog,pg_proc,pg_proc_oid_index,1242,1242,1242,56,2534
946684800,pg_catalog,pg_class,pg_class_tblspc_relfilenode_index,0,0,0,6,96
946684800,pg_catalog,pg_class,pg_class_relname_nsp_index,642,376,376,31,1443
946684800,pg_catalog,pg_class,pg_class_oid_index,6754,11782,9503,16,6910
946684800,pg_catalog,pg_attrdef,pg_attrdef_oid_index,0,0,0,0,0
946684800,pg_catalog,pg_attrdef,pg_attrdef_adrelid_adnum_index,0,0,0,0,0
946684800,pg_catalog,pg_constraint,pg_constraint_oid_index,8,0,0,2,21
946684800,pg_catalog,pg_constraint,pg_constraint_contypid_index,0,0,0,2,13
946684800,pg_catalog,pg_constraint,pg_constraint_conrelid_index,0,0,0,2,13
946684800,pg_catalog,pg_constraint,pg_constraint_conname_nsp_index,0,0,0,2,13
946684800,pg_catalog,pg_inherits,pg_inherits_parent_index,0,0,0,0,0
946684800,pg_catalog,pg_inherits,pg_inherits_relid_seqno_index,0,0,0,0,0
946684800,pg_catalog,pg_index,pg_index_indexrelid_index,735,735,735,16,881
946684800,pg_catalog,pg_index,pg_index_indrelid_index,326,683,676,10,445
946684800,pg_catalog,pg_operator,pg_operator_oprname_l_r_n_index,146,202,202,31,334
946684800,pg_catalog,pg_operator,pg_operator_oid_index,558,399,399,19,1186
946684800,pg_catalog,pg_opfamily,pg_opfamily_oid_index,0,0,0,0,0
946684800,pg_catalog,pg_opfamily,pg_opfamily_am_name_nsp_index,0,0,0,0,0
946684800,pg_catalog,pg_opclass,pg_opclass_oid_index,364,364,364,17,481
946684800,pg_catalog,pg_opclass,pg_opclass_am_name_nsp_index,138,5982,5982,10,193
946684800,pg_catalog,pg_am,pg_am_oid_index,0,0,0,0,0
946684800,pg_catalog,pg_am,pg_am_name_index,0,0,0,0,0
946684800,pg_catalog,pg_amop,pg_amop_oid_index,0,0,0,0,0
946684800,pg_catalog,pg_amop,pg_amop_opr_fam_index,276,687,687,28,612
946684800,pg_catalog,pg_amop,pg_amop_fam_strat_index,467,467,467,15,995
946684800,pg_catalog,pg_amproc,pg_amproc_oid_index,0,0,0,0,0
946684800,pg_catalog,pg_amproc,pg_amproc_fam_proc_index,455,689,689,26,1018
946684800,pg_catalog,pg_language,pg_language_oid_index,0,0,0,0,0
946684800,pg_catalog,pg_language,pg_language_name_index,0,0,0,0,0
946684800,pg_catalog,pg_largeobject_metadata,pg_largeobject_metadata_oid_index,0,0,0,0,0
946684800,pg_catalog,pg_largeobject,pg_largeobject_loid_pn_index,0,0,0,0,0
946684800,pg_catalog,pg_aggregate,pg_aggregate_fnoid_index,33,33,33,17,45
946684800,pg_catalog,pg_rewrite,pg_rewrite_rel_rulename_index,121,121,121,10,198
946684800,pg_catalog,pg_rewrite,pg_rewrite_oid_index,0,0,0,0,0
946684800,pg_catalog,pg_trigger,pg_trigger_oid_index,0,0,0,0,0
946684800,pg_catalog,pg_trigger,pg_trigger_tgrelid_tgname_index,0,0,0,0,0
946684800,pg_catalog,pg_trigger,pg_trigger_tgconstraint_index,0,0,0,0,0
946684800,pg_catalog,pg_event_trigger,pg_event_trigger_oid_index,0,0,0,0,0
946684800,pg_catalog,pg_event_trigger,pg_event_trigger_evtname_index,12,0,0,1,11
946684800,pg_catalog,pg_description,pg_description_o_c_o_index,0,0,0,0,0
946684800,pg_catalog,pg_cast,pg_cast_source_target_index,1847,617,617,10,1937
946684800,pg_catalog,pg_cast,pg_cast_oid_index,0,0,0,0,0
946684800,pg_catalog,pg_enum,pg_enum_typid_sortorder_index,0,0,0,0,0
946684800,pg_catalog,pg_enum,pg_enum_typid_label_index,0,0,0,0,0
946684800,pg_catalog,pg_enum,pg_enum_oid_index,0,0,0,0,0
946684800,pg_catalog,pg_namespace,pg_namespace_oid_index,736,736,736,12,783
946684800,pg_catalog,pg_namespace,pg_namespace_nspname_index,328,216,216,12,430
946684800,pg_catalog,pg_conversion,pg_conversion_oid_index,0,0,0,0,0
946684800,pg_catalog,pg_conversion,pg_conversion_name_nsp_index,0,0,0,0,0
946684800,pg_catalog,pg_conversion,pg_conversion_default_index,0,0,0,0,0
946684800,pg_catalog,pg_depend,pg_depend_reference_index,324,324,321,17,826
946684800,pg_catalog,pg_depend,pg_depend_depender_index,0,0,0,6,190
946684800,pg_catalog,pg_db_role_setting,pg_db_role_setting_databaseid_rol_index,592,0,0,8,584
946684800,pg_catalog,pg_tablespace,pg_tablespace_spcname_index,0,0,0,0,0
946684800,pg_catalog,pg_tablespace,pg_tablespace_oid_index,90,90,90,8,172
946684800,pg_catalog,pg_pltemplate,pg_pltemplate_name_index,0,0,0,0,0
946684800,pg_catalog,pg_auth_members,pg_auth_members_member_role_index,0,0,0,0,0
946684800,pg_catalog,pg_auth_members,pg_auth_members_role_member_index,0,0,0,0,0
946684800,pg_catalog,pg_shdepend,pg_shdepend_reference_index,11,11,11,2,11
946684800,pg_catalog,pg_shdepend,pg_shdepend_depender_index,1,0,0,2,0
946684800,pg_catalog,pg_shdescription,pg_shdescription_o_c_index,0,0,0,0,0
946684800,pg_catalog,pg_ts_config,pg_ts_config_oid_index,0,0,0,0,0
946684800,pg_catalog,pg_ts_config,pg_ts_config_cfgname_index,0,0,0,0,0
946684800,pg_catalog,pg_ts_config_map,pg_ts_config_map_index,0,0,0,0,0
946684800,pg_catalog,pg_ts_dict,pg_ts_dict_oid_index,0,0,0,0,0
946684800,pg_catalog,pg_ts_dict,pg_ts_dict_dictname_index,0,0,0,0,0
946684800,pg_catalog,pg_ts_parser,pg_ts_parser_oid_index,0,0,0,0,0
946684800,pg_catalog,pg_ts_parser,pg_ts_parser_prsname_index,0,0,0,0,0
946684800,pg_catalog,pg_ts_template,pg_ts_template_oid_index,0,0,0,0,0
946684800,pg_catalog,pg_ts_template,pg_ts_template_tmplname_index,0,0,0,0,0
946684800,pg_catalog,pg_extension,pg_extension_name_index,0,0,0,0,0
946684800,pg_catalog,pg_extension,pg_extension_oid_index,0,0,0,0,0
946684800,pg_catalog,pg_foreign_data_wrapper,pg_foreign_data_wrapper_name_index,0,0,0,0,0
946684800,pg_catalog,pg_foreign_data_wrapper,pg_foreign_data_wrapper_oid_index,0,0,0,0,0
946684800,pg_catalog,pg_foreign_server,pg_foreign_server_name_index,0,0,0,0,0
946684800,pg_catalog,pg_foreign_server,pg_foreign_server_oid_index,0,0,0,0,0
946684800,pg_catalog,pgxc_class,pgxc_class_pcrelid_index,0,0,0,0,0
946684800,pg_catalog,pgxc_node,pgxc_node_id_index,2,0,0,2,3
946684800,pg_catalog,pgxc_node,pgxc_node_name_index,145,143,143,12,248
946684800,pg_catalog,pgxc_node,pgxc_node_oid_index,231,229,229,12,335
946684800,pg_catalog,pgxc_group,pgxc_group_oid,0,0,0,0,0
946684800,pg_catalog,pgxc_group,pgxc_group_name_index,0,0,0,0,0
946684800,pg_catalog,pg_foreign_table,pg_foreign_table_relid_index,0,0,0,0,0
946684800,pg_catalog,pg_policy,pg_policy_polrelid_polname_index,0,0,0,0,0
946684800,pg_catalog,pg_policy,pg_policy_oid_index,0,0,0,0,0
946684800,pg_catalog,pg_replication_origin,pg_replication_origin_roname_index,0,0,0,0,0
946684800,pg_catalog,pg_replication_origin,pg_replication_origin_roiident_index,0,0,0,0,0
946684800,pg_catalog,pg_tablesample_method,pg_tablesample_method_oid_index,0,0,0,0,0
946684800,pg_catalog,pg_tablesample_method,pg_tablesample_method_name_index,0,0,0,0,0
946684800,pg_catalog,pg_default_acl,pg_default_acl_oid_index,0,0,0,0,0
946684800,pg_catalog,pg_default_acl,pg_default_acl_role_nsp_obj_index,6,0,0,1,5
946684800,pg_catalog,pg_seclabel,pg_seclabel_object_index,0,0,0,0,0
946684800,pg_catalog,pg_shseclabel,pg_shseclabel_object_index,0,0,0,0,0
946684800,pg_catalog,pg_collation,pg_collation_oid_index,11,11,11,15,18
946684800,pg_catalog,pg_collation,pg_collation_name_enc_nsp_index,14,14,14,18,24
946684800,pg_catalog,pg_range,pg_range_rngtypid_index,0,0,0,0,0
946684800,pg_catalog,pg_transform,pg_transform_type_lang_index,0,0,0,0,0
946684800,pg_catalog,pg_transform,pg_transform_oid_index,0,0,0,0,0
946684800,pg_toast,pg_toast_13078,pg_toast_13078_index,0,0,0,0,0
946684800,pg_toast,pg_toast_13083,pg_toast_13083_index,0,0,0,0,0
946684800,pg_toast,pg_toast_13088,pg_toast_13088_index,0,0,0,0,0
946684800,pg_toast,pg_toast_13093,pg_toast_13093_index,0,0,0,0,0
946684800,pg_toast,pg_toast_13098,pg_toast_13098_index,0,0,0,0,0
946684800,pg_toast,pg_toast_13103,pg_toast_13103_index,0,0,0,0,0
946684800,pg_toast,pg_toast_13108,pg_toast_13108_index,0,0,0,0,0
946684800,public,supplier,pk_supplier,12444,12444,12444,551,24678
946684800,public,supplier,supplier_s_suppkey_idx_like,0,0,0,1,0
946684800,public,supplier,supplier_s_nationkey_s_suppkey_idx,2,7962,0,303,0
946684800,pg_catalog,pg_database,pg_database_oid_index,505,504,504,20,642
946684800,pg_catalog,pg_database,pg_database_datname_index,275,274,274,20,410
946684800,public,part,part_p_size_idx,0,0,0,2742,0
946684800,public,part,part_p_container_p_brand_p_partkey_idx,1,1035,1035,6078,0
946684800,public,part,part_p_name_idx,0,0,0,6797,0
946684800,public,part,pk_part,1,999302,999302,5476,0
946684800,public,part,part_p_type_p_partkey_idx,1,6740,0,5801,0
946684800,public,partsupp,pk_partsupp,14372,44494,44494,19944,34340
946684800,public,partsupp,partsupp_ps_suppkey_idx,20042,801259,801259,20797,52547
946684800,public,customer,customer_c_phone_idx_c_acctbal,0,0,0,3741,0
946684800,public,customer,pk_customer,0,0,0,4115,0
946684800,public,customer,customer_c_phone_idx,0,0,0,4115,0
946684800,public,customer,customer_c_mktsegment_c_custkey_idx,0,0,0,5778,0
946684800,public,customer,customer_c_nationkey_c_custkey_idx,0,0,0,4115,0
946684800,public,orders,orders_o_orderkey_o_orderdate_idx,313008,313008,313008,36471,947447
946684800,public,orders,orders_o_orderdate_o_orderkey_idx,1,2280713,0,29166,20148
946684800,public,orders,pk_orders,0,0,0,20622,22583
946684800,public,lineitem,lineitem_l_shipdate_l_suppkey__idx,2,4933637,0,120592,94586
946684800,public,lineitem,lineitem_l_orderkey_idx_part1,26985,19011338,34609,121065,120985
946684800,public,lineitem,lineitem_l_partkey_l_quantity_l_shipmode_idx,83714,1226851,1166427,211125,398443
946684800,public,lineitem,lineitem_l_orderkey_idx,0,0,0,82439,119691
946684800,public,lineitem,lineitem_l_orderkey_l_linenumber_l_shipdate_idx,0,0,0,115764,119778
946684800,public,lineitem,pk_lineitem,0,0,0,82439,119691
946684800,public,lineitem,lineitem_l_orderkey_idx_l_returnflag,0,0,0,20357,22336
946684800,public,lineitem,lineitem_l_orderkey_idx_part2,0,0,0,9898,10872
946684800,public,nation,pk_nation,12444,12444,12444,3,12443
946684800,public,region,pk_region,0,0,0,1,0
946684800,pg_catalog,pg_statistic,pg_statistic_relid_att_inh_index,697,415,354,19,1606
946684800,pg_catalog,pg_type,pg_type_typname_nsp_index,160,138,138,29,349
946684800,pg_catalog,pg_type,pg_type_oid_index,2211,2192,2192,16,2333
946684800,pg_toast,pg_toast_2604,pg_toast_2604_index,0,0,0,0,0
946684800,pg_toast,pg_toast_2606,pg_toast_2606_index,0,0,0,0,0
946684800,pg_toast,pg_toast_2609,pg_toast_2609_index,0,0,0,0,0
946684800,pg_toast,pg_toast_1255,pg_toast_1255_index,0,0,0,0,0
946684800,pg_toast,pg_toast_2618,pg_toast_2618_index,90,288,288,10,134
946684800,pg_toast,pg_toast_3596,pg_toast_3596_index,0,0,0,0,0
946684800,pg_toast,pg_toast_2619,pg_toast_2619_index,24,30,30,2,43
946684800,pg_toast,pg_toast_2620,pg_toast_2620_index,0,0,0,0,0
946684800,pg_toast,pg_toast_2396,pg_toast_2396_index,0,0,0,0,0
946684800,pg_toast,pg_toast_2964,pg_toast_2964_index,0,0,0,0,0
946684800,pg_toast,pg_toast_3592,pg_toast_3592_index,0,0,0,0,0
946684800,pg_catalog,pg_authid,pg_authid_oid_index,120,120,120,14,226
946684800,pg_catalog,pg_authid,pg_authid_rolname_index,119,119,119,14,224
946684800,pg_catalog,pg_user_mapping,pg_user_mapping_user_server_index,0,0,0,0,0
946684800,pg_catalog,pg_user_mapping,pg_user_mapping_oid_index,0,0,0,0,0
946684800,pg_catalog,pg_attribute,pg_attribute_relid_attnum_index,4458,9413,9309,58,9396
946684800,pg_catalog,pg_attribute,pg_attribute_relid_attnam_index,40,45,40,4,480
946684800,pg_catalog,pg_proc,pg_proc_proname_args_nsp_index,295,931,931,59,638
946684800,pg_catalog,pg_proc,pg_proc_oid_index,1306,1306,1306,59,2663
946684800,pg_catalog,pg_class,pg_class_tblspc_relfilenode_index,0,0,0,6,98
946684800,pg_catalog,pg_class,pg_class_relname_nsp_index,682,411,411,37,1521
946684800,pg_catalog,pg_class,pg_class_oid_index,7129,12455,10082,20,7287
946684800,pg_catalog,pg_attrdef,pg_attrdef_oid_index,0,0,0,0,0
946684800,pg_catalog,pg_attrdef,pg_attrdef_adrelid_adnum_index,0,0,0,0,0
946684800,pg_catalog,pg_constraint,pg_constraint_oid_index,8,0,0,2,21
946684800,pg_catalog,pg_constraint,pg_constraint_contypid_index,0,0,0,2,13
946684800,pg_catalog,pg_constraint,pg_constraint_conrelid_index,0,0,0,2,13
946684800,pg_catalog,pg_constraint,pg_constraint_conname_nsp_index,0,0,0,2,13
946684800,pg_catalog,pg_inherits,pg_inherits_parent_index,0,0,0,0,0
946684800,pg_catalog,pg_inherits,pg_inherits_relid_seqno_index,0,0,0,0,0
946684800,pg_catalog,pg_index,pg_index_indexrelid_index,761,761,761,21,908
946684800,pg_catalog,pg_index,pg_index_indrelid_index,335,701,694,10,457
946684800,pg_catalog,pg_operator,pg_operator_oprname_l_r_n_index,163,219,219,36,366
946684800,pg_catalog,pg_operator,pg_operator_oid_index,571,412,412,21,1213
946684800,pg_catalog,pg_opfamily,pg_opfamily_oid_index,0,0,0,0,0
946684800,pg_catalog,pg_opfamily,pg_opfamily_am_name_nsp_index,0,0,0,0,0
946684800,pg_catalog,pg_opclass,pg_opclass_oid_index,377,377,377,21,496
946684800,pg_catalog,pg_opclass,pg_opclass_am_name_nsp_index,140,6070,6070,10,197
946684800,pg_catalog,pg_am,pg_am_oid_index,0,0,0,0,0
946684800,pg_catalog,pg_am,pg_am_name_index,0,0,0,0,0
946684800,pg_catalog,pg_amop,pg_amop_oid_index,0,0,0,0,0
946684800,pg_catalog,pg_amop,pg_amop_opr_fam_index,290,720,720,30,641
946684800,pg_catalog,pg_amop,pg_amop_fam_strat_index,477,477,477,15,1017
946684800,pg_catalog,pg_amproc,pg_amproc_oid_index,0,0,0,0,0
946684800,pg_catalog,pg_amproc,pg_amproc_fam_proc_index,474,719,719,34,1054
946684800,pg_catalog,pg_language,pg_language_oid_index,0,0,0,0,0
946684800,pg_catalog,pg_language,pg_language_name_index,0,0,0,0,0
946684800,pg_catalog,pg_largeobject_metadata,pg_largeobject_metadata_oid_index,0,0,0,0,0
946684800,pg_catalog,pg_largeobject,pg_largeobject_loid_pn_index,0,0,0,0,0
946684800,pg_catalog,pg_aggregate,pg_aggregate_fnoid_index,36,36,36,18,49
946684800,pg_catalog,pg_rewrite,pg_rewrite_rel_rulename_index,126,126,126,10,206
946684800,pg_catalog,pg_rewrite,pg_rewrite_oid_index,0,0,0,0,0
946684800,pg_catalog,pg_trigger,pg_trigger_oid_index,0,0,0,0,0
946684800,pg_catalog,pg_trigger,pg_trigger_tgrelid_tgname_index,0,0,0,0,0
946684800,pg_catalog,pg_trigger,pg_trigger_tgconstraint_index,0,0,0,0,0
946684800,pg_catalog,pg_event_trigger,pg_event_trigger_oid_index,0,0,0,0,0
946684800,pg_catalog,pg_event_trigger,pg_event_trigger_evtname_index,12,0,0,1,11
946684800,pg_catalog,pg_description,pg_description_o_c_o_index,0,0,0,0,0
946684800,pg_catalog,pg_cast,pg_cast_source_target_index,1880,634,634,10,1973
946684800,pg_catalog,pg_cast,pg_cast_oid_index,0,0,0,0,0
946684800,pg_catalog,pg_enum,pg_enum_typid_sortorder_index,0,0,0,0,0
946684800,pg_catalog,pg_enum,pg_enum_typid_label_index,0,0,0,0,0
946684800,pg_catalog,pg_enum,pg_enum_oid_index,0,0,0,0,0
946684800,pg_catalog,pg_namespace,pg_namespace_oid_index,738,738,738,12,788
946684800,pg_catalog,pg_namespace,pg_namespace_nspname_index,340,224,224,14,444
946684800,pg_catalog,pg_conversion,pg_conversion_oid_index,0,0,0,0,0
946684800,pg_catalog,pg_conversion,pg_conversion_name_nsp_index,0,0,0,0,0
946684800,pg_catalog,pg_conversion,pg_conversion_default_index,0,0,0,0,0
946684800,pg_catalog,pg_depend,pg_depend_reference_index,324,324,321,17,826
946684800,pg_catalog,pg_depend,pg_depend_depender_index,0,0,0,6,190
946684800,pg_catalog,pg_db_role_setting,pg_db_role_setting_databaseid_rol_index,624,0,0,10,614
946684800,pg_catalog,pg_tablespace,pg_tablespace_spcname_index,0,0,0,0,0
946684800,pg_catalog,pg_tablespace,pg_tablespace_oid_index,95,95,95,10,180
946684800,pg_catalog,pg_pltemplate,pg_pltemplate_name_index,0,0,0,0,0
946684800,pg_catalog,pg_auth_members,pg_auth_members_member_role_index,0,0,0,0,0
946684800,pg_catalog,pg_auth_members,pg_auth_members_role_member_index,0,0,0,0,0
946684800,pg_catalog,pg_shdepend,pg_shdepend_reference_index,11,11,11,2,11
946684800,pg_catalog,pg_shdepend,pg_shdepend_depender_index,1,0,0,2,0
946684800,pg_catalog,pg_shdescription,pg_shdescription_o_c_index,0,0,0,0,0
946684800,pg_catalog,pg_ts_config,pg_ts_config_oid_index,0,0,0,0,0
946684800,pg_catalog,pg_ts_config,pg_ts_config_cfgname_index,0,0,0,0,0
946684800,pg_catalog,pg_ts_config_map,pg_ts_config_map_index,0,0,0,0,0
946684800,pg_catalog,pg_ts_dict,pg_ts_dict_oid_index,0,0,0,0,0
946684800,pg_catalog,pg_ts_dict,pg_ts_dict_dictname_index,0,0,0,0,0
946684800,pg_catalog,pg_ts_parser,pg_ts_parser_oid_index,0,0,0,0,0
946684800,pg_catalog,pg_ts_parser,pg_ts_parser_prsname_index,0,0,0,0,0
946684800,pg_catalog,pg_ts_template,pg_ts_template_oid_index,0,0,0,0,0
946684800,pg_catalog,pg_ts_template,pg_ts_template_tmplname_index,0,0,0,0,0
946684800,pg_catalog,pg_extension,pg_extension_name_index,0,0,0,0,0
946684800,pg_catalog,pg_extension,pg_extension_oid_index,0,0,0,0,0
946684800,pg_catalog,pg_foreign_data_wrapper,pg_foreign_data_wrapper_name_index,0,0,0,0,0
946684800,pg_catalog,pg_foreign_data_wrapper,pg_foreign_data_wrapper_oid_index,0,0,0,0,0
946684800,pg_catalog,pg_foreign_server,pg_foreign_server_name_index,0,0,0,0,0
946684800,pg_catalog,pg_foreign_server,pg_foreign_server_oid_index,0,0,0,0,0
946684800,pg_catalog,pgxc_class,pgxc_class_pcrelid_index,0,0,0,0,0
946684800,pg_catalog,pgxc_node,pgxc_node_id_index,2,0,0,2,3
946684800,pg_catalog,pgxc_node,pgxc_node_name_index,153,151,151,14,260
946684800,pg_catalog,pgxc_node,pgxc_node_oid_index,243,241,241,14,351
946684800,pg_catalog,pgxc_group,pgxc_group_oid,0,0,0,0,0
946684800,pg_catalog,pgxc_group,pgxc_group_name_index,0,0,0,0,0
946684800,pg_catalog,pg_foreign_table,pg_foreign_table_relid_index,0,0,0,0,0
946684800,pg_catalog,pg_policy,pg_policy_polrelid_polname_index,0,0,0,0,0
946684800,pg_catalog,pg_policy,pg_policy_oid_index,0,0,0,0,0
946684800,pg_catalog,pg_replication_origin,pg_replication_origin_roname_index,0,0,0,0,0
946684800,pg_catalog,pg_replication_origin,pg_replication_origin_roiident_index,0,0,0,0,0
946684800,pg_catalog,pg_tablesample_method,pg_tablesample_method_oid_index,0,0,0,0,0
946684800,pg_catalog,pg_tablesample_method,pg_tablesample_method_name_index,0,0,0,0,0
946684800,pg_catalog,pg_default_acl,pg_default_acl_oid_index,0,0,0,0,0
946684800,pg_catalog,pg_default_acl,pg_default_acl_role_nsp_obj_index,6,0,0,1,5
946684800,pg_catalog,pg_seclabel,pg_seclabel_object_index,0,0,0,0,0
946684800,pg_catalog,pg_shseclabel,pg_shseclabel_object_index,0,0,0,0,0
946684800,pg_catalog,pg_collation,pg_collation_oid_index,12,12,12,15,21
946684800,pg_catalog,pg_collation,pg_collation_name_enc_nsp_index,15,15,15,21,24
946684800,pg_catalog,pg_range,pg_range_rngtypid_index,0,0,0,0,0
946684800,pg_catalog,pg_transform,pg_transform_type_lang_index,0,0,0,0,0
946684800,pg_catalog,pg_transform,pg_transform_oid_index,0,0,0,0,0
946684800,pg_toast,pg_toast_13078,pg_toast_13078_index,0,0,0,0,0
946684800,pg_toast,pg_toast_13083,pg_toast_13083_index,0,0,0,0,0
946684800,pg_toast,pg_toast_13088,pg_toast_13088_index,0,0,0,0,0
946684800,pg_toast,pg_toast_13093,pg_toast_13093_index,0,0,0,0,0
946684800,pg_toast,pg_toast_13098,pg_toast_13098_index,0,0,0,0,0
946684800,pg_toast,pg_toast_13103,pg_toast_13103_index,0,0,0,0,0
946684800,pg_toast,pg_toast_13108,pg_toast_13108_index,0,0,0,0,0
946684800,public,supplier,pk_supplier,12444,12444,12444,551,24678
946684800,public,supplier,supplier_s_suppkey_idx_like,2,112,112,3,2
946684800,public,supplier,supplier_s_nationkey_s_suppkey_idx,2,7962,0,303,0
946684800,pg_catalog,pg_database,pg_database_oid_index,527,526,526,20,671
946684800,pg_catalog,pg_database,pg_database_datname_index,287,286,286,20,429
946684800,public,part,part_p_size_idx,8,159950,0,3191,11
946684800,public,part,part_p_container_p_brand_p_partkey_idx,1,1035,1035,6078,0
946684800,public,part,part_p_name_idx,0,0,0,6797,0
946684800,public,part,pk_part,1,999302,999302,5476,0
946684800,public,part,part_p_type_p_partkey_idx,1,6740,0,5801,0
946684800,public,partsupp,pk_partsupp,14372,44494,44494,19944,34340
946684800,public,partsupp,partsupp_ps_suppkey_idx,20042,801259,801259,20797,52547
946684800,public,customer,customer_c_phone_idx_c_acctbal,0,0,0,3741,0
946684800,public,customer,pk_customer,0,0,0,4115,0
946684800,public,customer,customer_c_phone_idx,0,0,0,4115,0
946684800,public,customer,customer_c_mktsegment_c_custkey_idx,1,300276,0,6933,0
946684800,public,customer,customer_c_nationkey_c_custkey_idx,0,0,0,4115,0
946684800,public,orders,orders_o_orderkey_o_orderdate_idx,313008,313008,313008,36471,947447
946684800,public,orders,orders_o_orderdate_o_orderkey_idx,2,2567989,0,29954,20148
946684800,public,orders,pk_orders,0,0,0,20622,22583
946684800,public,lineitem,lineitem_l_shipdate_l_suppkey__idx,2,4933637,0,120592,94586
946684800,public,lineitem,lineitem_l_orderkey_idx_part1,314261,19274580,297851,173056,931627
946684800,public,lineitem,lineitem_l_partkey_l_quantity_l_shipmode_idx,83714,1226851,1166427,211125,398443
946684800,public,lineitem,lineitem_l_orderkey_idx,0,0,0,82439,119691
946684800,public,lineitem,lineitem_l_orderkey_l_linenumber_l_shipdate_idx,0,0,0,115764,119778
946684800,public,lineitem,pk_lineitem,0,0,0,82439,119691
946684800,public,lineitem,lineitem_l_orderkey_idx_l_returnflag,0,0,0,20357,22336
946684800,public,lineitem,lineitem_l_orderkey_idx_part2,0,0,0,9898,10872
946684800,public,nation,pk_nation,12444,12444,12444,3,12443
946684800,public,region,pk_region,0,0,0,1,0
946684800,pg_catalog,pg_statistic,pg_statistic_relid_att_inh_index,723,432,371,26,1658
946684800,pg_catalog,pg_type,pg_type_typname_nsp_index,170,148,148,29,369
946684800,pg_catalog,pg_type,pg_type_oid_index,2326,2307,2307,16,2454
946684800,pg_toast,pg_toast_2604,pg_toast_2604_index,0,0,0,0,0
946684800,pg_toast,pg_toast_2606,pg_toast_2606_index,0,0,0,0,0
946684800,pg_toast,pg_toast_2609,pg_toast_2609_index,0,0,0,0,0
946684800,pg_toast,pg_toast_1255,pg_toast_1255_index,0,0,0,0,0
946684800,pg_toast,pg_toast_2618,pg_toast_2618_index,96,306,306,12,142
946684800,pg_toast,pg_toast_3596,pg_toast_3596_index,0,0,0,0,0
946684800,pg_toast,pg_toast_2619,pg_toast_2619_index,24,30,30,2,43
946684800,pg_toast,pg_toast_2620,pg_toast_2620_index,0,0,0,0,0
946684800,pg_toast,pg_toast_2396,pg_toast_2396_index,0,0,0,0,0
946684800,pg_toast,pg_toast_2964,pg_toast_2964_index,0,0,0,0,0
946684800,pg_toast,pg_toast_3592,pg_toast_3592_index,0,0,0,0,0
946684800,pg_catalog,pg_authid,pg_authid_oid_index,125,125,125,14,236
946684800,pg_catalog,pg_authid,pg_authid_rolname_index,124,124,124,14,234
946684800,pg_catalog,pg_user_mapping,pg_user_mapping_user_server_index,0,0,0,0,0
946684800,pg_catalog,pg_user_mapping,pg_user_mapping_oid_index,0,0,0,0,0
946684800,pg_catalog,pg_attribute,pg_attribute_relid_attnum_index,4687,9853,9749,64,9855
946684800,pg_catalog,pg_attribute,pg_attribute_relid_attnam_index,40,45,40,4,480
946684800,pg_catalog,pg_proc,pg_proc_proname_args_nsp_index,333,1011,1011,68,711
946684800,pg_catalog,pg_proc,pg_proc_oid_index,1393,1393,1393,68,2835
946684800,pg_catalog,pg_class,pg_class_tblspc_relfilenode_index,0,0,0,7,100
946684800,pg_catalog,pg_class,pg_class_relname_nsp_index,717,437,437,39,1595
946684800,pg_catalog,pg_class,pg_class_oid_index,7528,13152,10685,21,7692
946684800,pg_catalog,pg_attrdef,pg_attrdef_oid_index,0,0,0,0,0
946684800,pg_catalog,pg_attrdef,pg_attrdef_adrelid_adnum_index,0,0,0,0,0
946684800,pg_catalog,pg_constraint,pg_constraint_oid_index,8,0,0,2,21
946684800,pg_catalog,pg_constraint,pg_constraint_contypid_index,0,0,0,2,13
946684800,pg_catalog,pg_constraint,pg_constraint_conrelid_index,0,0,0,2,13
946684800,pg_catalog,pg_constraint,pg_constraint_conname_nsp_index,0,0,0,2,13
946684800,pg_catalog,pg_inherits,pg_inherits_parent_index,0,0,0,0,0
946684800,pg_catalog,pg_inherits,pg_inherits_relid_seqno_index,0,0,0,0,0
946684800,pg_catalog,pg_index,pg_index_indexrelid_index,795,795,795,22,948
946684800,pg_catalog,pg_index,pg_index_indrelid_index,351,732,725,12,477
946684800,pg_catalog,pg_operator,pg_operator_oprname_l_r_n_index,187,243,243,38,415
946684800,pg_catalog,pg_operator,pg_operator_oid_index,591,432,432,25,1255
946684800,pg_catalog,pg_opfamily,pg_opfamily_oid_index,0,0,0,0,0
946684800,pg_catalog,pg_opfamily,pg_opfamily_am_name_nsp_index,0,0,0,0,0
946684800,pg_catalog,pg_opclass,pg_opclass_oid_index,395,395,395,23,519
946684800,pg_catalog,pg_opclass,pg_opclass_am_name_nsp_index,144,6241,6241,12,202
946684800,pg_catalog,pg_am,pg_am_oid_index,0,0,0,0,0
946684800,pg_catalog,pg_am,pg_am_name_index,0,0,0,0,0
946684800,pg_catalog,pg_amop,pg_amop_oid_index,0,0,0,0,0
946684800,pg_catalog,pg_amop,pg_amop_opr_fam_index,315,784,784,37,690
946684800,pg_catalog,pg_amop,pg_amop_fam_strat_index,502,502,502,21,1066
946684800,pg_catalog,pg_amproc,pg_amproc_oid_index,0,0,0,0,0
946684800,pg_catalog,pg_amproc,pg_amproc_fam_proc_index,508,765,765,37,1126
946684800,pg_catalog,pg_language,pg_language_oid_index,0,0,0,0,0
946684800,pg_catalog,pg_language,pg_language_name_index,0,0,0,0,0
946684800,pg_catalog,pg_largeobject_metadata,pg_largeobject_metadata_oid_index,0,0,0,0,0
946684800,pg_catalog,pg_largeobject,pg_largeobject_loid_pn_index,0,0,0,0,0
946684800,pg_catalog,pg_aggregate,pg_aggregate_fnoid_index,41,41,41,20,54
946684800,pg_catalog,pg_rewrite,pg_rewrite_rel_rulename_index,134,134,134,12,218
946684800,pg_catalog,pg_rewrite,pg_rewrite_oid_index,0,0,0,0,0
946684800,pg_catalog,pg_trigger,pg_trigger_oid_index,0,0,0,0,0
946684800,pg_catalog,pg_trigger,pg_trigger_tgrelid_tgname_index,0,0,0,0,0
946684800,pg_catalog,pg_trigger,pg_trigger_tgconstraint_index,0,0,0,0,0
946684800,pg_catalog,pg_event_trigger,pg_event_trigger_oid_index,0,0,0,0,0
946684800,pg_catalog,pg_event_trigger,pg_event_trigger_evtname_index,12,0,0,1,11
946684800,pg_catalog,pg_description,pg_description_o_c_o_index,0,0,0,0,0
946684800,pg_catalog,pg_cast,pg_cast_source_target_index,1956,667,667,12,2053
946684800,pg_catalog,pg_cast,pg_cast_oid_index,0,0,0,0,0
946684800,pg_catalog,pg_enum,pg_enum_typid_sortorder_index,0,0,0,0,0
946684800,pg_catalog,pg_enum,pg_enum_typid_label_index,0,0,0,0,0
946684800,pg_catalog,pg_enum,pg_enum_oid_index,0,0,0,0,0
946684800,pg_catalog,pg_namespace,pg_namespace_oid_index,740,740,740,14,791
946684800,pg_catalog,pg_namespace,pg_namespace_nspname_index,358,236,236,14,468
946684800,pg_catalog,pg_conversion,pg_conversion_oid_index,0,0,0,0,0
946684800,pg_catalog,pg_conversion,pg_conversion_name_nsp_index,0,0,0,0,0
946684800,pg_catalog,pg_conversion,pg_conversion_default_index,0,0,0,0,0
946684800,pg_catalog,pg_depend,pg_depend_reference_index,324,324,321,17,826
946684800,pg_catalog,pg_depend,pg_depend_depender_index,0,0,0,6,190
946684800,pg_catalog,pg_db_role_setting,pg_db_role_setting_databaseid_rol_index,652,0,0,10,642
946684800,pg_catalog,pg_tablespace,pg_tablespace_spcname_index,0,0,0,0,0
946684800,pg_catalog,pg_tablespace,pg_tablespace_oid_index,100,100,100,12,188
946684800,pg_catalog,pg_pltemplate,pg_pltemplate_name_index,0,0,0,0,0
946684800,pg_catalog,pg_auth_members,pg_auth_members_member_role_index,0,0,0,0,0
946684800,pg_catalog,pg_auth_members,pg_auth_members_role_member_index,0,0,0,0,0
946684800,pg_catalog,pg_shdepend,pg_shdepend_reference_index,11,11,11,2,11
946684800,pg_catalog,pg_shdepend,pg_shdepend_depender_index,1,0,0,2,0
946684800,pg_catalog,pg_shdescription,pg_shdescription_o_c_index,0,0,0,0,0
946684800,pg_catalog,pg_ts_config,pg_ts_config_oid_index,0,0,0,0,0
946684800,pg_catalog,pg_ts_config,pg_ts_config_cfgname_index,0,0,0,0,0
946684800,pg_catalog,pg_ts_config_map,pg_ts_config_map_index,0,0,0,0,0
946684800,pg_catalog,pg_ts_dict,pg_ts_dict_oid_index,0,0,0,0,0
946684800,pg_catalog,pg_ts_dict,pg_ts_dict_dictname_index,0,0,0,0,0
946684800,pg_catalog,pg_ts_parser,pg_ts_parser_oid_index,0,0,0,0,0
946684800,pg_catalog,pg_ts_parser,pg_ts_parser_prsname_index,0,0,0,0,0
946684800,pg_catalog,pg_ts_template,pg_ts_template_oid_index,0,0,0,0,0
946684800,pg_catalog,pg_ts_template,pg_ts_template_tmplname_index,0,0,0,0,0
946684800,pg_catalog,pg_extension,pg_extension_name_index,0,0,0,0,0
946684800,pg_catalog,pg_extension,pg_extension_oid_index,0,0,0,0,0
946684800,pg_catalog,pg_foreign_data_wrapper,pg_foreign_data_wrapper_name_index,0,0,0,0,0
946684800,pg_catalog,pg_foreign_data_wrapper,pg_foreign_data_wrapper_oid_index,0,0,0,0,0
946684800,pg_catalog,pg_foreign_server,pg_foreign_server_name_index,0,0,0,0,0
946684800,pg_catalog,pg_foreign_server,pg_foreign_server_oid_index,0,0,0,0,0
946684800,pg_catalog,pgxc_class,pgxc_class_pcrelid_index,0,0,0,0,0
946684800,pg_catalog,pgxc_node,pgxc_node_id_index,2,0,0,2,3
946684800,pg_catalog,pgxc_node,pgxc_node_name_index,158,156,156,14,270
946684800,pg_catalog,pgxc_node,pgxc_node_oid_index,253,251,251,14,366
946684800,pg_catalog,pgxc_group,pgxc_group_oid,0,0,0,0,0
946684800,pg_catalog,pgxc_group,pgxc_group_name_index,0,0,0,0,0
946684800,pg_catalog,pg_foreign_table,pg_foreign_table_relid_index,0,0,0,0,0
946684800,pg_catalog,pg_policy,pg_policy_polrelid_polname_index,0,0,0,0,0
946684800,pg_catalog,pg_policy,pg_policy_oid_index,0,0,0,0,0
946684800,pg_catalog,pg_replication_origin,pg_replication_origin_roname_index,0,0,0,0,0
946684800,pg_catalog,pg_replication_origin,pg_replication_origin_roiident_index,0,0,0,0,0
946684800,pg_catalog,pg_tablesample_method,pg_tablesample_method_oid_index,0,0,0,0,0
946684800,pg_catalog,pg_tablesample_method,pg_tablesample_method_name_index,0,0,0,0,0
946684800,pg_catalog,pg_default_acl,pg_default_acl_oid_index,0,0,0,0,0
946684800,pg_catalog,pg_default_acl,pg_default_acl_role_nsp_obj_index,6,0,0,1,5
946684800,pg_catalog,pg_seclabel,pg_seclabel_object_index,0,0,0,0,0
946684800,pg_catalog,pg_shseclabel,pg_shseclabel_object_index,0,0,0,0,0
946684800,pg_catalog,pg_collation,pg_collation_oid_index,13,13,13,18,21
946684800,pg_catalog,pg_collation,pg_collation_name_enc_nsp_index,15,15,15,21,24
946684800,pg_catalog,pg_range,pg_range_rngtypid_index,0,0,0,0,0
946684800,pg_catalog,pg_transform,pg_transform_type_lang_index,0,0,0,0,0
946684800,pg_catalog,pg_transform,pg_transform_oid_index,0,0,0,0,0
946684800,pg_toast,pg_toast_13078,pg_toast_13078_index,0,0,0,0,0
946684800,pg_toast,pg_toast_13083,pg_toast_13083_index,0,0,0,0,0
946684800,pg_toast,pg_toast_13088,pg_toast_13088_index,0,0,0,0,0
946684800,pg_toast,pg_toast_13093,pg_toast_13093_index,0,0,0,0,0
946684800,pg_toast,pg_toast_13098,pg_toast_13098_index,0,0,0,0,0
946684800,pg_toast,pg_toast_13103,pg_toast_13103_index,0,0,0,0,0
946684800,pg_toast,pg_toast_13108,pg_toast_13108_index,0,0,0,0,0
946684800,public,supplier,pk_supplier,12444,12444,12444,551,24678
946684800,public,supplier,supplier_s_suppkey_idx_like,2,112,112,3,2
946684800,public,supplier,supplier_s_nationkey_s_suppkey_idx,5,20031,0,331,14
946684800,pg_catalog,pg_database,pg_database_oid_index,550,549,549,24,698
946684800,pg_catalog,pg_database,pg_database_datname_index,301,300,300,24,447
946684800,public,part,part_p_size_idx,8,159950,0,3191,11
946684800,public,part,part_p_container_p_brand_p_partkey_idx,1,1035,1035,6078,0
946684800,public,part,part_p_name_idx,0,0,0,6797,0
946684800,public,part,pk_part,1,999302,999302,5476,0
946684800,public,part,part_p_type_p_partkey_idx,1,6740,0,5801,0
946684800,public,partsupp,pk_partsupp,14372,44494,44494,19944,34340
946684800,public,partsupp,partsupp_ps_suppkey_idx,32111,1283800,1283800,27971,82936
946684800,public,customer,customer_c_phone_idx_c_acctbal,0,0,0,3741,0
946684800,public,customer,pk_customer,0,0,0,4115,0
946684800,public,customer,customer_c_phone_idx,0,0,0,4115,0
946684800,public,customer,customer_c_mktsegment_c_custkey_idx,1,300276,0,6933,0
946684800,public,customer,customer_c_nationkey_c_custkey_idx,0,0,0,4115,0
946684800,public,orders,orders_o_orderkey_o_orderdate_idx,313008,313008,313008,36471,947447
946684800,public,orders,orders_o_orderdate_o_orderkey_idx,2,2567989,0,29954,20148
946684800,public,orders,pk_orders,0,0,0,20622,22583
946684800,public,lineitem,lineitem_l_shipdate_l_suppkey__idx,4,7179827,0,126731,94586
946684800,public,lineitem,lineitem_l_orderkey_idx_part1,314261,19274580,297851,173056,931627
946684800,public,lineitem,lineitem_l_partkey_l_quantity_l_shipmode_idx,83714,1226851,1166427,211125,398443
946684800,public,lineitem,lineitem_l_orderkey_idx,0,0,0,82439,119691
946684800,public,lineitem,lineitem_l_orderkey_l_linenumber_l_shipdate_idx,0,0,0,115764,119778
946684800,public,lineitem,pk_lineitem,0,0,0,82439,119691
946684800,public,lineitem,lineitem_l_orderkey_idx_l_returnflag,0,0,0,20357,22336
946684800,public,lineitem,lineitem_l_orderkey_idx_part2,0,0,0,9898,10872
946684800,public,nation,pk_nation,12444,12444,12444,3,12443
946684800,public,region,pk_region,0,0,0,1,0
946684800,pg_catalog,pg_statistic,pg_statistic_relid_att_inh_index,746,448,387,29,1706
946684800,pg_catalog,pg_type,pg_type_typname_nsp_index,178,156,156,33,382
946684800,pg_catalog,pg_type,pg_type_oid_index,2422,2403,2403,20,2552
946684800,pg_toast,pg_toast_2604,pg_toast_2604_index,0,0,0,0,0
946684800,pg_toast,pg_toast_2606,pg_toast_2606_index,0,0,0,0,0
946684800,pg_toast,pg_toast_2609,pg_toast_2609_index,0,0,0,0,0
946684800,pg_toast,pg_toast_1255,pg_toast_1255_index,0,0,0,0,0
946684800,pg_toast,pg_toast_2618,pg_toast_2618_index,101,322,322,16,146
946684800,pg_toast,pg_toast_3596,pg_toast_3596_index,0,0,0,0,0
946684800,pg_toast,pg_toast_2619,pg_toast_2619_index,24,30,30,2,43
946684800,pg_toast,pg_toast_2620,pg_toast_2620_index,0,0,0,0,0
946684800,pg_toast,pg_toast_2396,pg_toast_2396_index,0,0,0,0,0
946684800,pg_toast,pg_toast_2964,pg_toast_2964_index,0,0,0,0,0
946684800,pg_toast,pg_toast_3592,pg_toast_3592_index,0,0,0,0,0
946684800,pg_catalog,pg_authid,pg_authid_oid_index,131,131,131,18,244
946684800,pg_catalog,pg_authid,pg_authid_rolname_index,130,130,130,18,242
946684800,pg_catalog,pg_user_mapping,pg_user_mapping_user_server_index,0,0,0,0,0
946684800,pg_catalog,pg_user_mapping,pg_user_mapping_oid_index,0,0,0,0,0
946684800,pg_catalog,pg_attribute,pg_attribute_relid_attnum_index,4899,10216,10112,75,10275
946684800,pg_catalog,pg_attribute,pg_attribute_relid_attnam_index,40,45,40,4,480
946684800,pg_catalog,pg_proc,pg_proc_proname_args_nsp_index,361,1074,1074,86,755
946684800,pg_catalog,pg_proc,pg_proc_oid_index,1477,1477,1477,83,2993
946684800,pg_catalog,pg_class,pg_class_tblspc_relfilenode_index,0,0,0,8,102
946684800,pg_catalog,pg_class,pg_class_relname_nsp_index,743,454,454,51,1641
946684800,pg_catalog,pg_class,pg_class_oid_index,7915,13837,11276,24,8083
946684800,pg_catalog,pg_attrdef,pg_attrdef_oid_index,0,0,0,0,0
946684800,pg_catalog,pg_attrdef,pg_attrdef_adrelid_adnum_index,0,0,0,0,0
946684800,pg_catalog,pg_constraint,pg_constraint_oid_index,8,0,0,2,21
946684800,pg_catalog,pg_constraint,pg_constraint_contypid_index,0,0,0,2,13
946684800,pg_catalog,pg_constraint,pg_constraint_conrelid_index,0,0,0,2,13
946684800,pg_catalog,pg_constraint,pg_constraint_conname_nsp_index,0,0,0,2,13
946684800,pg_catalog,pg_inherits,pg_inherits_parent_index,0,0,0,0,0
946684800,pg_catalog,pg_inherits,pg_inherits_relid_seqno_index,0,0,0,0,0
946684800,pg_catalog,pg_index,pg_index_indexrelid_index,828,828,828,26,984
946684800,pg_catalog,pg_index,pg_index_indrelid_index,364,758,751,16,491
946684800,pg_catalog,pg_operator,pg_operator_oprname_l_r_n_index,199,255,255,48,433
946684800,pg_catalog,pg_operator,pg_operator_oid_index,610,451,451,30,1292
946684800,pg_catalog,pg_opfamily,pg_opfamily_oid_index,0,0,0,0,0
946684800,pg_catalog,pg_opfamily,pg_opfamily_am_name_nsp_index,0,0,0,0,0
946684800,pg_catalog,pg_opclass,pg_opclass_oid_index,409,409,409,25,538
946684800,pg_catalog,pg_opclass,pg_opclass_am_name_nsp_index,148,6412,6412,14,207
946684800,pg_catalog,pg_am,pg_am_oid_index,0,0,0,0,0
946684800,pg_catalog,pg_am,pg_am_name_index,0,0,0,0,0
946684800,pg_catalog,pg_amop,pg_amop_oid_index,0,0,0,0,0
946684800,pg_catalog,pg_amop,pg_amop_opr_fam_index,328,816,816,39,718
946684800,pg_catalog,pg_amop,pg_amop_fam_strat_index,523,523,523,24,1109
946684800,pg_catalog,pg_amproc,pg_amproc_oid_index,0,0,0,0,0
946684800,pg_catalog,pg_amproc,pg_amproc_fam_proc_index,526,793,793,40,1166
946684800,pg_catalog,pg_language,pg_language_oid_index,0,0,0,0,0
946684800,pg_catalog,pg_language,pg_language_name_index,0,0,0,0,0
946684800,pg_catalog,pg_largeobject_metadata,pg_largeobject_metadata_oid_index,0,0,0,0,0
946684800,pg_catalog,pg_largeobject,pg_largeobject_loid_pn_index,0,0,0,0,0
946684800,pg_catalog,pg_aggregate,pg_aggregate_fnoid_index,46,46,46,25,55
946684800,pg_catalog,pg_rewrite,pg_rewrite_rel_rulename_index,141,141,141,16,226
946684800,pg_catalog,pg_rewrite,pg_rewrite_oid_index,0,0,0,0,0
946684800,pg_catalog,pg_trigger,pg_trigger_oid_index,0,0,0,0,0
946684800,pg_catalog,pg_trigger,pg_trigger_tgrelid_tgname_index,0,0,0,0,0
946684800,pg_catalog,pg_trigger,pg_trigger_tgconstraint_index,0,0,0,0,0
946684800,pg_catalog,pg_event_trigger,pg_event_trigger_oid_index,0,0,0,0,0
946684800,pg_catalog,pg_event_trigger,pg_event_trigger_evtname_index,12,0,0,1,11
946684800,pg_catalog,pg_description,pg_description_o_c_o_index,0,0,0,0,0
946684800,pg_catalog,pg_cast,pg_cast_source_target_index,2025,695,695,16,2123
946684800,pg_catalog,pg_cast,pg_cast_oid_index,0,0,0,0,0
946684800,pg_catalog,pg_enum,pg_enum_typid_sortorder_index,0,0,0,0,0
946684800,pg_catalog,pg_enum,pg_enum_typid_label_index,0,0,0,0,0
946684800,pg_catalog,pg_enum,pg_enum_oid_index,0,0,0,0,0
946684800,pg_catalog,pg_namespace,pg_namespace_oid_index,740,740,740,15,792
946684800,pg_catalog,pg_namespace,pg_namespace_nspname_index,376,248,248,18,488
946684800,pg_catalog,pg_conversion,pg_conversion_oid_index,0,0,0,0,0
946684800,pg_catalog,pg_conversion,pg_conversion_name_nsp_index,0,0,0,0,0
946684800,pg_catalog,pg_conversion,pg_conversion_default_index,0,0,0,0,0
946684800,pg_catalog,pg_depend,pg_depend_reference_index,324,324,321,17,826
946684800,pg_catalog,pg_depend,pg_depend_depender_index,0,0,0,6,190
946684800,pg_catalog,pg_db_role_setting,pg_db_role_setting_databaseid_rol_index,684,0,0,12,672
946684800,pg_catalog,pg_tablespace,pg_tablespace_spcname_index,0,0,0,0,0
946684800,pg_catalog,pg_tablespace,pg_tablespace_oid_index,105,105,105,14,196
946684800,pg_catalog,pg_pltemplate,pg_pltemplate_name_index,0,0,0,0,0
946684800,pg_catalog,pg_auth_members,pg_auth_members_member_role_index,0,0,0,0,0
946684800,pg_catalog,pg_auth_members,pg_auth_members_role_member_index,0,0,0,0,0
946684800,pg_catalog,pg_shdepend,pg_shdepend_reference_index,11,11,11,2,11
946684800,pg_catalog,pg_shdepend,pg_shdepend_depender_index,1,0,0,2,0
946684800,pg_catalog,pg_shdescription,pg_shdescription_o_c_index,0,0,0,0,0
946684800,pg_catalog,pg_ts_config,pg_ts_config_oid_index,0,0,0,0,0
946684800,pg_catalog,pg_ts_config,pg_ts_config_cfgname_index,0,0,0,0,0
946684800,pg_catalog,pg_ts_config_map,pg_ts_config_map_index,0,0,0,0,0
946684800,pg_catalog,pg_ts_dict,pg_ts_dict_oid_index,0,0,0,0,0
946684800,pg_catalog,pg_ts_dict,pg_ts_dict_dictname_index,0,0,0,0,0
946684800,pg_catalog,pg_ts_parser,pg_ts_parser_oid_index,0,0,0,0,0
946684800,pg_catalog,pg_ts_parser,pg_ts_parser_prsname_index,0,0,0,0,0
946684800,pg_catalog,pg_ts_template,pg_ts_template_oid_index,0,0,0,0,0
946684800,pg_catalog,pg_ts_template,pg_ts_template_tmplname_index,0,0,0,0,0
946684800,pg_catalog,pg_extension,pg_extension_name_index,0,0,0,0,0
946684800,pg_catalog,pg_extension,pg_extension_oid_index,0,0,0,0,0
946684800,pg_catalog,pg_foreign_data_wrapper,pg_foreign_data_wrapper_name_index,0,0,0,0,0
946684800,pg_catalog,pg_foreign_data_wrapper,pg_foreign_data_wrapper_oid_index,0,0,0,0,0
946684800,pg_catalog,pg_foreign_server,pg_foreign_server_name_index,0,0,0,0,0
946684800,pg_catalog,pg_foreign_server,pg_foreign_server_oid_index,0,0,0,0,0
946684800,pg_catalog,pgxc_class,pgxc_class_pcrelid_index,0,0,0,0,0
946684800,pg_catalog,pgxc_node,pgxc_node_id_index,2,0,0,2,3
946684800,pg_catalog,pgxc_node,pgxc_node_name_index,165,163,163,18,279
946684800,pg_catalog,pgxc_node,pgxc_node_oid_index,265,263,263,18,380
946684800,pg_catalog,pgxc_group,pgxc_group_oid,0,0,0,0,0
946684800,pg_catalog,pgxc_group,pgxc_group_name_index,0,0,0,0,0
946684800,pg_catalog,pg_foreign_table,pg_foreign_table_relid_index,0,0,0,0,0
946684800,pg_catalog,pg_policy,pg_policy_polrelid_polname_index,0,0,0,0,0
946684800,pg_catalog,pg_policy,pg_policy_oid_index,0,0,0,0,0
946684800,pg_catalog,pg_replication_origin,pg_replication_origin_roname_index,0,0,0,0,0
946684800,pg_catalog,pg_replication_origin,pg_replication_origin_roiident_index,0,0,0,0,0
946684800,pg_catalog,pg_tablesample_method,pg_tablesample_method_oid_index,0,0,0,0,0
946684800,pg_catalog,pg_tablesample_method,pg_tablesample_method_name_index,0,0,0,0,0
946684800,pg_catalog,pg_default_acl,pg_default_acl_oid_index,0,0,0,0,0
946684800,pg_catalog,pg_default_acl,pg_default_acl_role_nsp_obj_index,6,0,0,1,5
946684800,pg_catalog,pg_seclabel,pg_seclabel_object_index,0,0,0,0,0
946684800,pg_catalog,pg_shseclabel,pg_shseclabel_object_index,0,0,0,0,0
946684800,pg_catalog,pg_collation,pg_collation_oid_index,13,13,13,18,21
946684800,pg_catalog,pg_collation,pg_collation_name_enc_nsp_index,16,16,16,24,24
946684800,pg_catalog,pg_range,pg_range_rngtypid_index,0,0,0,0,0
946684800,pg_catalog,pg_transform,pg_transform_type_lang_index,0,0,0,0,0
946684800,pg_catalog,pg_transform,pg_transform_oid_index,0,0,0,0,0
946684800,pg_toast,pg_toast_13078,pg_toast_13078_index,0,0,0,0,0
946684800,pg_toast,pg_toast_13083,pg_toast_13083_index,0,0,0,0,0
946684800,pg_toast,pg_toast_13088,pg_toast_13088_index,0,0,0,0,0
946684800,pg_toast,pg_toast_13093,pg_toast_13093_index,0,0,0,0,0
946684800,pg_toast,pg_toast_13098,pg_toast_13098_index,0,0,0,0,0
946684800,pg_toast,pg_toast_13103,pg_toast_13103_index,0,0,0,0,0
946684800,pg_toast,pg_toast_13108,pg_toast_13108_index,0,0,0,0,0
946684800,public,supplier,pk_supplier,12444,12444,12444,551,24678
946684800,public,supplier,supplier_s_suppkey_idx_like,2,112,112,3,2
946684800,public,supplier,supplier_s_nationkey_s_suppkey_idx,5,20031,0,331,14
946684800,pg_catalog,pg_database,pg_database_oid_index,574,573,573,26,728
946684800,pg_catalog,pg_database,pg_database_datname_index,315,314,314,26,467
946684800,public,part,part_p_size_idx,10,459946,0,3741,287
946684800,public,part,part_p_container_p_brand_p_partkey_idx,13,12970,1035,6176,12
946684800,public,part,part_p_name_idx,0,0,0,6797,0
946684800,public,part,pk_part,1,999302,999302,5476,0
946684800,public,part,part_p_type_p_partkey_idx,1,6740,0,5801,0
946684800,public,partsupp,pk_partsupp,14372,44494,44494,19944,34340
946684800,public,partsupp,partsupp_ps_suppkey_idx,32111,1283800,1283800,27971,82936
946684800,public,customer,customer_c_phone_idx_c_acctbal,0,0,0,3741,0
946684800,public,customer,pk_customer,0,0,0,4115,0
946684800,public,customer,customer_c_phone_idx,0,0,0,4115,0
946684800,public,customer,customer_c_mktsegment_c_custkey_idx,1,300276,0,6933,0
946684800,public,customer,customer_c_nationkey_c_custkey_idx,0,0,0,4115,0
946684800,public,orders,orders_o_orderkey_o_orderdate_idx,313008,313008,313008,36471,947447
946684800,public,orders,orders_o_orderdate_o_orderkey_idx,4,3994555,0,33855,20148
946684800,public,orders,pk_orders,0,0,0,20622,22583
946684800,public,lineitem,lineitem_l_shipdate_l_suppkey__idx,5,16301102,0,151633,94586
946684800,public,lineitem,lineitem_l_orderkey_idx_part1,314261,19274580,297851,173056,931627
946684800,public,lineitem,lineitem_l_partkey_l_quantity_l_shipmode_idx,93260,1237318,1176894,217141,431357
946684800,public,lineitem,lineitem_l_orderkey_idx,0,0,0,82439,119691
946684800,public,lineitem,lineitem_l_orderkey_l_linenumber_l_shipdate_idx,0,0,0,115764,119778
946684800,public,lineitem,pk_lineitem,0,0,0,82439,119691
946684800,public,lineitem,lineitem_l_orderkey_idx_l_returnflag,1,7408064,0,40619,22336
946684800,public,lineitem,lineitem_l_orderkey_idx_part2,0,0,0,9898,10872
946684800,public,nation,pk_nation,12444,12444,12444,3,12443
946684800,public,region,pk_region,0,0,0,1,0
946684800,pg_catalog,pg_statistic,pg_statistic_relid_att_inh_index,767,464,403,29,1752
946684800,pg_catalog,pg_type,pg_type_typname_nsp_index,196,174,174,37,415
946684800,pg_catalog,pg_type,pg_type_oid_index,2514,2495,2495,22,2647
946684800,pg_toast,pg_toast_2604,pg_toast_2604_index,0,0,0,0,0
946684800,pg_toast,pg_toast_2606,pg_toast_2606_index,0,0,0,0,0
946684800,pg_toast,pg_toast_2609,pg_toast_2609_index,0,0,0,0,0
946684800,pg_toast,pg_toast_1255,pg_toast_1255_index,0,0,0,0,0
946684800,pg_toast,pg_toast_2618,pg_toast_2618_index,105,336,336,16,152
946684800,pg_toast,pg_toast_3596,pg_toast_3596_index,0,0,0,0,0
946684800,pg_toast,pg_toast_2619,pg_toast_2619_index,24,30,30,2,43
946684800,pg_toast,pg_toast_2620,pg_toast_2620_index,0,0,0,0,0
946684800,pg_toast,pg_toast_2396,pg_toast_2396_index,0,0,0,0,0
946684800,pg_toast,pg_toast_2964,pg_toast_2964_index,0,0,0,0,0
946684800,pg_toast,pg_toast_3592,pg_toast_3592_index,0,0,0,0,0
946684800,pg_catalog,pg_authid,pg_authid_oid_index,137,137,137,20,254
946684800,pg_catalog,pg_authid,pg_authid_rolname_index,136,136,136,20,252
946684800,pg_catalog,pg_user_mapping,pg_user_mapping_user_server_index,0,0,0,0,0
946684800,pg_catalog,pg_user_mapping,pg_user_mapping_oid_index,0,0,0,0,0
946684800,pg_catalog,pg_attribute,pg_attribute_relid_attnum_index,5094,10597,10493,85,10659
946684800,pg_catalog,pg_attribute,pg_attribute_relid_attnam_index,40,45,40,4,480
946684800,pg_catalog,pg_proc,pg_proc_proname_args_nsp_index,399,1140,1140,100,822
946684800,pg_catalog,pg_proc,pg_proc_oid_index,1549,1549,1549,95,3131
946684800,pg_catalog,pg_class,pg_class_tblspc_relfilenode_index,0,0,0,9,104
946684800,pg_catalog,pg_class,pg_class_relname_nsp_index,776,480,480,56,1707
946684800,pg_catalog,pg_class,pg_class_oid_index,8288,14508,11853,28,8456
946684800,pg_catalog,pg_attrdef,pg_attrdef_oid_index,0,0,0,0,0
946684800,pg_catalog,pg_attrdef,pg_attrdef_adrelid_adnum_index,0,0,0,0,0
946684800,pg_catalog,pg_constraint,pg_constraint_oid_index,8,0,0,2,21
946684800,pg_catalog,pg_constraint,pg_constraint_contypid_index,0,0,0,2,13
946684800,pg_catalog,pg_constraint,pg_constraint_conrelid_index,0,0,0,2,13
946684800,pg_catalog,pg_constraint,pg_constraint_conname_nsp_index,0,0,0,2,13
946684800,pg_catalog,pg_inherits,pg_inherits_parent_index,0,0,0,0,0
946684800,pg_catalog,pg_inherits,pg_inherits_relid_seqno_index,0,0,0,0,0
946684800,pg_catalog,pg_index,pg_index_indexrelid_index,855,855,855,30,1011
946684800,pg_catalog,pg_index,pg_index_indrelid_index,374,779,772,16,505
946684800,pg_catalog,pg_operator,pg_operator_oprname_l_r_n_index,228,284,284,54,489
946684800,pg_catalog,pg_operator,pg_operator_oid_index,629,470,470,36,1329
946684800,pg_catalog,pg_opfamily,pg_opfamily_oid_index,0,0,0,0,0
946684800,pg_catalog,pg_opfamily,pg_opfamily_am_name_nsp_index,0,0,0,0,0
946684800,pg_catalog,pg_opclass,pg_opclass_oid_index,424,424,424,29,553
946684800,pg_catalog,pg_opclass,pg_opclass_am_name_nsp_index,152,6583,6583,16,212
946684800,pg_catalog,pg_am,pg_am_oid_index,0,0,0,0,0
946684800,pg_catalog,pg_am,pg_am_name_index,0,0,0,0,0
946684800,pg_catalog,pg_amop,pg_amop_oid_index,0,0,0,0,0
946684800,pg_catalog,pg_amop,pg_amop_opr_fam_index,355,879,879,48,768
946684800,pg_catalog,pg_amop,pg_amop_fam_strat_index,540,540,540,24,1146
946684800,pg_catalog,pg_amproc,pg_amproc_oid_index,0,0,0,0,0
946684800,pg_catalog,pg_amproc,pg_amproc_fam_proc_index,554,831,831,46,1220
946684800,pg_catalog,pg_language,pg_language_oid_index,0,0,0,0,0
946684800,pg_catalog,pg_language,pg_language_name_index,0,0,0,0,0
946684800,pg_catalog,pg_largeobject_metadata,pg_largeobject_metadata_oid_index,0,0,0,0,0
946684800,pg_catalog,pg_largeobject,pg_largeobject_loid_pn_index,0,0,0,0,0
946684800,pg_catalog,pg_aggregate,pg_aggregate_fnoid_index,49,49,49,28,58
946684800,pg_catalog,pg_rewrite,pg_rewrite_rel_rulename_index,147,147,147,16,236
946684800,pg_catalog,pg_rewrite,pg_rewrite_oid_index,0,0,0,0,0
946684800,pg_catalog,pg_trigger,pg_trigger_oid_index,0,0,0,0,0
946684800,pg_catalog,pg_trigger,pg_trigger_tgrelid_tgname_index,0,0,0,0,0
946684800,pg_catalog,pg_trigger,pg_trigger_tgconstraint_index,0,0,0,0,0
946684800,pg_catalog,pg_event_trigger,pg_event_trigger_oid_index,0,0,0,0,0
946684800,pg_catalog,pg_event_trigger,pg_event_trigger_evtname_index,12,0,0,1,11
946684800,pg_catalog,pg_description,pg_description_o_c_o_index,0,0,0,0,0
946684800,pg_catalog,pg_cast,pg_cast_source_target_index,2087,718,718,16,2189
946684800,pg_catalog,pg_cast,pg_cast_oid_index,0,0,0,0,0
946684800,pg_catalog,pg_enum,pg_enum_typid_sortorder_index,0,0,0,0,0
946684800,pg_catalog,pg_enum,pg_enum_typid_label_index,0,0,0,0,0
946684800,pg_catalog,pg_enum,pg_enum_oid_index,0,0,0,0,0
946684800,pg_catalog,pg_namespace,pg_namespace_oid_index,742,742,742,18,794
946684800,pg_catalog,pg_namespace,pg_namespace_nspname_index,391,258,258,20,506
946684800,pg_catalog,pg_conversion,pg_conversion_oid_index,0,0,0,0,0
946684800,pg_catalog,pg_conversion,pg_conversion_name_nsp_index,0,0,0,0,0
946684800,pg_catalog,pg_conversion,pg_conversion_default_index,0,0,0,0,0
946684800,pg_catalog,pg_depend,pg_depend_reference_index,324,324,321,17,826
946684800,pg_catalog,pg_depend,pg_depend_depender_index,0,0,0,6,190
946684800,pg_catalog,pg_db_role_setting,pg_db_role_setting_databaseid_rol_index,716,0,0,13,703
946684800,pg_catalog,pg_tablespace,pg_tablespace_spcname_index,0,0,0,0,0
946684800,pg_catalog,pg_tablespace,pg_tablespace_oid_index,110,110,110,16,204
946684800,pg_catalog,pg_pltemplate,pg_pltemplate_name_index,0,0,0,0,0
946684800,pg_catalog,pg_auth_members,pg_auth_members_member_role_index,0,0,0,0,0
946684800,pg_catalog,pg_auth_members,pg_auth_members_role_member_index,0,0,0,0,0
946684800,pg_catalog,pg_shdepend,pg_shdepend_reference_index,11,11,11,2,11
946684800,pg_catalog,pg_shdepend,pg_shdepend_depender_index,1,0,0,2,0
946684800,pg_catalog,pg_shdescription,pg_shdescription_o_c_index,0,0,0,0,0
946684800,pg_catalog,pg_ts_config,pg_ts_config_oid_index,0,0,0,0,0
946684800,pg_catalog,pg_ts_config,pg_ts_config_cfgname_index,0,0,0,0,0
946684800,pg_catalog,pg_ts_config_map,pg_ts_config_map_index,0,0,0,0,0
946684800,pg_catalog,pg_ts_dict,pg_ts_dict_oid_index,0,0,0,0,0
946684800,pg_catalog,pg_ts_dict,pg_ts_dict_dictname_index,0,0,0,0,0
946684800,pg_catalog,pg_ts_parser,pg_ts_parser_oid_index,0,0,0,0,0
946684800,pg_catalog,pg_ts_parser,pg_ts_parser_prsname_index,0,0,0,0,0
946684800,pg_catalog,pg_ts_template,pg_ts_template_oid_index,0,0,0,0,0
946684800,pg_catalog,pg_ts_template,pg_ts_template_tmplname_index,0,0,0,0,0
946684800,pg_catalog,pg_extension,pg_extension_name_index,0,0,0,0,0
946684800,pg_catalog,pg_extension,pg_extension_oid_index,0,0,0,0,0
946684800,pg_catalog,pg_foreign_data_wrapper,pg_foreign_data_wrapper_name_index,0,0,0,0,0
946684800,pg_catalog,pg_foreign_data_wrapper,pg_foreign_data_wrapper_oid_index,0,0,0,0,0
946684800,pg_catalog,pg_foreign_server,pg_foreign_server_name_index,0,0,0,0,0
946684800,pg_catalog,pg_foreign_server,pg_foreign_server_oid_index,0,0,0,0,0
946684800,pg_catalog,pgxc_class,pgxc_class_pcrelid_index,0,0,0,0,0
946684800,pg_catalog,pgxc_node,pgxc_node_id_index,2,0,0,2,3
946684800,pg_catalog,pgxc_node,pgxc_node_name_index,172,170,170,20,290
946684800,pg_catalog,pgxc_node,pgxc_node_oid_index,277,275,275,20,396
946684800,pg_catalog,pgxc_group,pgxc_group_oid,0,0,0,0,0
946684800,pg_catalog,pgxc_group,pgxc_group_name_index,0,0,0,0,0
946684800,pg_catalog,pg_foreign_table,pg_foreign_table_relid_index,0,0,0,0,0
946684800,pg_catalog,pg_policy,pg_policy_polrelid_polname_index,0,0,0,0,0
946684800,pg_catalog,pg_policy,pg_policy_oid_index,0,0,0,0,0
946684800,pg_catalog,pg_replication_origin,pg_replication_origin_roname_index,0,0,0,0,0
946684800,pg_catalog,pg_replication_origin,pg_replication_origin_roiident_index,0,0,0,0,0
946684800,pg_catalog,pg_tablesample_method,pg_tablesample_method_oid_index,0,0,0,0,0
946684800,pg_catalog,pg_tablesample_method,pg_tablesample_method_name_index,0,0,0,0,0
946684800,pg_catalog,pg_default_acl,pg_default_acl_oid_index,0,0,0,0,0
946684800,pg_catalog,pg_default_acl,pg_default_acl_role_nsp_obj_index,6,0,0,1,5
946684800,pg_catalog,pg_seclabel,pg_seclabel_object_index,0,0,0,0,0
946684800,pg_catalog,pg_shseclabel,pg_shseclabel_object_index,0,0,0,0,0
946684800,pg_catalog,pg_collation,pg_collation_oid_index,14,14,14,21,21
946684800,pg_catalog,pg_collation,pg_collation_name_enc_nsp_index,17,17,17,27,24
946684800,pg_catalog,pg_range,pg_range_rngtypid_index,0,0,0,0,0
946684800,pg_catalog,pg_transform,pg_transform_type_lang_index,0,0,0,0,0
946684800,pg_catalog,pg_transform,pg_transform_oid_index,0,0,0,0,0
946684800,pg_toast,pg_toast_13078,pg_toast_13078_index,0,0,0,0,0
946684800,pg_toast,pg_toast_13083,pg_toast_13083_index,0,0,0,0,0
946684800,pg_toast,pg_toast_13088,pg_toast_13088_index,0,0,0,0,0
946684800,pg_toast,pg_toast_13093,pg_toast_13093_index,0,0,0,0,0
946684800,pg_toast,pg_toast_13098,pg_toast_13098_index,0,0,0,0,0
946684800,pg_toast,pg_toast_13103,pg_toast_13103_index,0,0,0,0,0
946684800,pg_toast,pg_toast_13108,pg_toast_13108_index,0,0,0,0,0
